State,District,Murder,Attempt_to_commit_Murder,Rape,Kidnapping_Abduction,Robbery,Burglary,Theft,Riots,Cheating,Hurt,Dowry_Deaths,Assault_on_Women,Sexual_Harassment,Stalking,Death_by_Negligence,Extortion,Incidence_of_Rash_Driving,Total
Andhra Pradesh,Anantapur,134,171,35,125,30,415,753,214,296,25,25,436,82,80,638,0,1038,4497
Andhra Pradesh,Chittoor,84,170,32,38,22,195,528,134,207,18,17,135,0,0,538,19,249,2386
Andhra Pradesh,Cuddapah,80,162,28,27,16,144,638,0,163,39,16,215,212,0,417,0,948,3105
Andhra Pradesh,East Godavari,64,84,85,66,24,346,903,27,214,44,7,519,159,55,668,32,39,3336
Andhra Pradesh,Guntakal Railway,14,4,0,0,4,0,413,1,5,0,0,0,0,0,4,0,1,446
Andhra Pradesh,Guntur,105,137,49,64,24,210,711,72,328,37,16,245,17,8,494,18,846,3381
Andhra Pradesh,Guntur Urban,51,65,40,84,31,173,1045,8,531,29,12,160,0,0,226,20,691,3166
Andhra Pradesh,Krishna,51,47,80,41,15,302,521,9,242,39,8,354,98,76,418,15,70,2386
Andhra Pradesh,Kurnool,118,135,32,53,28,244,563,94,639,9,12,403,81,40,506,27,1313,4297
Andhra Pradesh,Nellore,78,117,58,153,44,381,1058,74,239,31,14,295,79,32,466,17,1173,4309
Andhra Pradesh,Prakasham,75,68,50,50,23,247,617,120,261,18,8,197,24,13,502,11,785,3069
Andhra Pradesh,Rajahmundry,18,18,35,15,14,214,361,12,105,23,3,121,37,17,128,5,394,1520
Andhra Pradesh,Srikakulam,30,29,40,33,8,152,236,7,153,67,3,214,26,22,284,4,895,2203
Andhra Pradesh,Tirupathi Urban,35,72,18,24,8,227,1148,31,248,3,13,60,2,5,223,0,429,2546
Andhra Pradesh,Vijayawada City,23,45,64,42,48,345,2016,2,391,25,10,279,40,91,312,34,1366,5133
Andhra Pradesh,Vijayawada Railway,1,1,0,3,7,0,1085,0,7,0,2,8,4,0,1,1,0,1120
Andhra Pradesh,Visakha Rural,43,50,38,24,5,88,179,7,90,33,4,129,35,6,308,11,507,1557
Andhra Pradesh,Visakhapatnam,38,57,84,130,46,392,1358,0,413,64,13,147,50,27,360,8,1831,5018
Andhra Pradesh,Vizianagaram,43,23,47,27,4,176,388,13,149,41,8,225,0,0,272,5,913,2334
Andhra Pradesh,West Godavari,90,85,146,67,32,468,1096,19,410,52,24,405,126,32,614,49,1165,4880
Andhra Pradesh,Total,1175,1540,961,1066,433,4719,15617,844,5091,597,215,4547,1072,504,7379,276,14653,60689
Arunachal Pradesh,Anjaw,0,0,0,1,0,6,2,1,1,2,0,1,1,0,2,0,0,17
Arunachal Pradesh,Changlang,9,3,6,11,5,18,50,1,0,15,0,0,0,0,3,24,9,154
Arunachal Pradesh,Crime Branch,0,0,0,0,0,0,0,0,3,0,0,0,0,0,0,0,0,3
Arunachal Pradesh,Dibang Valley,0,0,1,0,0,0,0,0,0,0,0,0,0,0,0,0,0,1
Arunachal Pradesh,Kameng East,4,1,1,7,4,8,18,0,3,18,0,6,0,0,0,7,0,77
Arunachal Pradesh,Kameng West,7,1,0,3,3,4,21,0,3,8,0,9,8,1,10,1,15,94
Arunachal Pradesh,Kukung Kumey,4,1,3,2,0,5,5,0,0,10,0,1,0,0,0,0,2,33
Arunachal Pradesh,Lohit,10,4,7,25,8,32,39,3,5,16,0,13,0,0,16,6,0,184
Arunachal Pradesh,Longding,4,3,3,9,1,9,5,0,0,13,0,3,1,0,2,8,0,61
Arunachal Pradesh,Lower Dibang Valley,2,5,3,4,1,10,21,0,2,10,0,0,0,0,4,3,4,69
Arunachal Pradesh,Papum Pare City,13,5,32,52,11,36,154,2,49,42,1,26,1,0,22,30,29,505
Arunachal Pradesh,Papum Pare Rural,7,3,0,7,3,6,20,2,2,9,0,4,0,0,4,4,0,71
Arunachal Pradesh,Siang East,5,0,11,4,3,20,49,0,5,23,0,21,8,0,10,7,14,180
Arunachal Pradesh,Siang Upper,1,0,1,0,0,8,8,0,1,2,0,1,0,0,2,1,0,25
Arunachal Pradesh,Siang West,10,4,6,2,4,18,29,2,13,30,0,11,0,0,6,3,13,151
Arunachal Pradesh,Subansiri Lower,4,3,1,7,10,22,18,3,6,22,0,6,0,0,0,4,0,106
Arunachal Pradesh,Subansiri Upper,3,2,5,2,5,11,33,1,5,19,0,16,0,0,2,9,16,129
Arunachal Pradesh,Tawang,1,3,0,0,0,2,14,0,0,2,0,1,0,0,2,2,0,27
Arunachal Pradesh,Tirap,2,10,3,10,3,9,12,0,5,6,0,2,2,0,0,12,0,76
Arunachal Pradesh,Total,86,48,83,146,61,224,498,15,103,247,1,121,21,1,85,121,102,1963
Assam,Barpeta,46,68,143,379,5,357,448,306,260,424,21,556,198,0,70,70,309,3660
Assam,Baska,31,28,26,41,16,42,124,0,26,115,4,27,0,0,53,46,31,610
Assam,Bongaigaon,17,23,31,51,12,84,190,15,55,98,4,8,0,0,77,0,85,750
Assam,Cachar,58,7,81,249,24,274,756,202,97,45,14,50,0,0,121,16,404,2398
Assam,Chirang,37,19,29,58,6,39,95,19,33,85,7,33,0,0,18,6,0,484
Assam,Darrang,33,2,111,208,17,174,363,82,211,447,11,453,33,0,28,2,236,2411
Assam,Dhemaji,18,5,45,84,15,26,106,0,52,136,3,51,3,0,50,27,25,646
Assam,Dhubri,58,143,193,420,21,280,432,531,272,1708,10,193,0,0,103,0,0,4364
Assam,Dibrugarh,77,7,67,163,43,150,826,12,40,330,5,105,0,0,104,17,0,1946
Assam,G. R. P.,9,0,1,10,2,2,187,5,2,0,0,0,0,0,0,9,0,227
Assam,Goalpara,44,62,108,218,23,243,266,52,137,360,8,121,0,0,70,0,0,1712
Assam,Golaghat,88,68,74,238,41,87,365,29,37,448,7,74,0,0,86,67,0,1709
Assam,Guwahati City,84,94,100,455,247,924,3095,155,449,179,11,143,50,0,283,174,447,6890
Assam,Hailakandi,24,1,77,104,3,93,178,287,44,13,4,23,0,0,36,0,0,887
Assam,Jorhat,30,3,36,94,76,145,518,7,169,259,6,157,0,0,13,73,325,1911
Assam,Kamrup,65,128,77,164,63,274,727,0,101,45,1,15,0,0,4,102,304,2070
Assam,Karbi Anglong,38,25,23,78,10,2,181,6,29,95,0,26,0,0,74,77,16,680
Assam,Karimganj,33,42,75,119,8,220,199,57,82,209,13,10,0,0,15,38,123,1243
Assam,Kokrajhar,60,21,45,106,7,46,229,10,35,80,3,47,0,0,82,25,0,796
Assam,Lakhimpur,40,0,67,150,7,137,236,37,115,35,4,55,0,0,82,28,68,1061
Assam,Morigaon,28,77,81,174,12,93,234,130,127,222,7,328,0,0,53,42,118,1726
Assam,N. C. Hills,76,8,6,30,5,17,46,4,4,19,0,0,0,0,18,18,0,251
Assam,Nagaon,104,102,187,454,127,455,735,483,175,909,22,350,174,0,239,174,331,5021
Assam,Nalbari,27,18,41,116,114,145,225,23,43,32,0,0,0,0,13,0,0,797
Assam,Sibsagar,80,38,44,222,42,196,599,31,95,811,6,153,0,0,67,39,0,2423
Assam,Sonitpur,110,81,112,222,27,282,566,90,146,227,5,20,0,0,168,102,229,2387
Assam,Tinsukia,90,44,66,143,45,106,679,47,96,109,3,66,0,0,114,34,151,1793
Assam,Udalguri,46,28,34,73,20,61,132,18,24,143,9,35,0,0,38,40,0,701
Assam,Total,1451,1142,1980,4823,1038,4954,12737,2638,2956,7583,188,3099,458,0,2079,1226,3202,51554
Bihar,Araria,53,176,35,85,28,49,310,306,108,26,17,1,0,0,95,12,52,1353
Bihar,Arwal,25,29,6,26,8,51,78,81,42,25,11,4,1,0,25,19,45,476
Bihar,Aurangabad,74,40,12,86,27,104,352,248,122,199,28,29,25,1,84,9,247,1687
Bihar,Bagaha,21,0,14,76,8,26,147,123,33,8,7,38,25,1,22,3,18,570
Bihar,Banka,59,143,22,73,19,41,143,100,10,327,23,3,0,0,109,23,87,1182
Bihar,Begusarai,121,199,30,209,60,145,598,461,89,79,28,37,2,3,89,124,258,2532
Bihar,Bettiah,75,9,33,115,11,121,497,508,155,10,39,0,0,0,134,41,68,1816
Bihar,Bhabhua,56,105,12,86,21,79,344,97,49,5,12,0,0,0,89,0,98,1053
Bihar,Bhagalpur,102,66,52,213,42,225,677,343,87,2,20,31,16,2,128,45,140,2191
Bihar,Bhojpur,116,243,32,151,23,224,520,98,426,611,46,7,2,0,138,158,126,2921
Bihar,Buxar,56,12,16,87,32,100,438,353,36,260,24,13,13,0,54,0,91,1585
Bihar,Darbhanga,71,179,50,289,36,145,585,615,120,373,30,8,8,0,149,11,140,2809
Bihar,Gaya,145,53,48,248,77,209,1366,536,73,907,63,0,0,0,289,74,419,4507
Bihar,Gopalganj,87,469,14,172,36,79,276,372,153,299,33,0,0,0,117,6,0,2113
Bihar,Jamalpur Railway,9,1,0,4,3,2,195,1,2,0,0,3,3,0,0,2,0,225
Bihar,Jamui,61,187,23,70,33,54,124,133,23,79,21,10,0,0,53,0,77,948
Bihar,Jehanabad,38,13,10,84,30,40,215,202,36,723,22,0,0,0,60,18,71,1562
Bihar,Katihar,70,60,65,144,33,84,447,238,71,169,14,0,0,0,93,27,108,1623
Bihar,Katihar Railway,10,9,0,3,8,4,182,4,4,4,0,11,3,0,6,0,0,248
Bihar,Khagaria,52,94,14,118,19,31,165,172,72,136,17,2,2,0,74,6,83,1057
Bihar,Kishanganj,46,6,64,122,12,52,261,168,75,298,12,22,1,0,24,2,59,1224
Bihar,Lakhisarai,46,97,10,66,20,21,181,143,39,60,8,63,43,0,94,20,75,986
Bihar,Madhepura,44,123,10,78,37,43,185,225,37,35,8,8,8,0,62,0,76,979
Bihar,Madhubani,74,335,41,199,33,124,410,406,35,323,34,9,9,0,114,12,127,2285
Bihar,Motihari,146,106,31,262,25,240,660,944,130,800,75,0,0,0,257,30,0,3706
Bihar,Munger,46,21,11,52,28,51,199,195,62,7,8,5,3,0,54,27,63,832
Bihar,Muzaffarpur,185,85,44,444,134,281,2097,659,330,2943,178,166,83,0,185,0,0,7814
Bihar,Muzaffarpur Railway,18,0,2,9,1,4,316,7,0,6,2,1,0,0,0,1,2,369
Bihar,Nalanda,107,52,29,207,58,95,464,325,157,630,59,4,0,0,115,0,371,2673
Bihar,Naugachia,37,4,10,54,16,17,76,84,25,10,10,3,3,0,75,14,44,482
Bihar,Nawadah,84,23,22,94,61,61,269,337,48,269,22,10,10,0,129,12,108,1559
Bihar,Patna,317,26,86,752,177,661,3952,636,1193,4572,83,0,0,0,493,92,0,13040
Bihar,Patna Railway,23,16,1,8,10,1,803,5,14,1,5,13,0,0,0,0,0,900
Bihar,Purnea,75,2,66,174,37,80,449,321,222,235,26,30,0,0,119,23,78,1937
Bihar,Rohtas,115,5,22,161,31,185,726,289,137,1468,54,0,0,0,208,31,139,3571
Bihar,Saharsa,41,118,14,115,27,46,289,549,148,36,19,0,0,0,46,0,58,1506
Bihar,Samastipur,122,205,38,255,61,119,567,380,124,285,39,0,0,0,110,0,0,2305
Bihar,Saran,144,331,37,249,53,196,617,442,211,424,83,0,0,0,145,0,0,2932
Bihar,Sheikhpura,26,0,5,51,11,36,113,136,93,72,6,18,1,0,25,0,0,593
Bihar,Sheohar,13,35,8,33,9,22,89,62,22,9,6,16,10,0,10,17,12,373
Bihar,Sitamarhi,91,335,11,220,63,165,579,345,16,101,29,0,0,0,96,61,88,2200
Bihar,Siwan,103,222,17,198,57,127,549,425,100,378,64,7,0,0,124,0,0,2371
Bihar,Supaul,64,87,32,132,23,49,274,573,72,37,22,0,0,0,95,19,57,1536
Bihar,Vaishali,135,58,28,296,62,185,1104,603,176,110,66,0,0,0,331,33,0,3187
Bihar,Economic Offences Unit,0,0,0,0,0,0,0,0,10,0,0,0,0,0,0,0,0,10
Bihar,Anti Terrorist Squad,0,0,0,0,0,0,0,0,0,0,0,0,0,0,0,0,0,0
Bihar,Total,3403,4379,1127,6570,1600,4674,22888,13250,5187,17351,1373,572,271,7,4719,972,3485,91828
Chhattisgarh,Balod,17,12,34,27,4,77,110,22,23,13,4,62,16,9,98,0,0,528
Chhattisgarh,Balodbazar,33,16,40,119,19,186,235,0,9,845,8,95,84,0,179,1,417,2286
Chhattisgarh,Balrampur,55,21,111,21,6,51,54,0,10,84,5,62,0,0,106,5,216,807
Chhattisgarh,Bemetra,21,8,41,30,7,104,119,0,17,18,3,56,0,0,103,0,0,527
Chhattisgarh,Bilaspur,72,34,94,216,49,378,488,80,58,112,13,211,49,15,283,10,178,2340
Chhattisgarh,Bizapur,38,77,6,12,0,18,8,0,5,9,0,2,1,1,16,0,69,262
Chhattisgarh,Dantewara,22,18,11,11,1,28,25,9,7,13,0,9,3,1,42,0,102,302
Chhattisgarh,Dhamtari,20,10,36,24,4,62,89,6,16,27,3,49,4,3,144,3,68,568
Chhattisgarh,Durg,50,41,84,243,56,370,813,44,111,74,12,254,0,0,261,2,1060,3475
Chhattisgarh,Gariyaband,15,13,42,15,4,41,45,12,8,17,3,31,12,4,72,5,225,564
Chhattisgarh,G. R. P. Raipur,2,0,0,5,9,5,290,2,1,6,1,8,7,0,1,1,1,339
Chhattisgarh,Jagdalpur,45,29,32,40,5,81,101,16,13,552,1,42,42,0,121,0,0,1120
Chhattisgarh,Janjgir,48,27,64,144,20,203,243,95,45,82,20,141,54,2,209,0,506,1903
Chhattisgarh,Jashpur,55,17,86,71,16,63,75,9,19,57,0,48,48,0,123,10,272,969
Chhattisgarh,Kabirdham,25,5,39,84,4,67,93,14,25,10,6,84,0,2,87,0,330,875
Chhattisgarh,Kanker,47,42,40,47,5,67,97,0,18,19,5,37,0,0,103,6,46,579
Chhattisgarh,Kondagaon,33,19,21,20,2,37,33,15,5,187,1,16,2,0,87,5,230,713
Chhattisgarh,Korba,37,12,68,53,22,161,240,0,35,46,6,83,5,5,194,0,528,1495
Chhattisgarh,Koriya,40,26,58,85,7,80,91,28,22,708,2,74,74,0,80,0,0,1375
Chhattisgarh,Mahasamund,22,16,44,87,9,163,223,36,37,36,10,99,1,0,201,1,393,1378
Chhattisgarh,Mungali,21,9,10,36,5,76,84,32,11,0,6,38,0,0,63,0,0,391
Chhattisgarh,Narayanpur,5,31,7,9,1,8,8,0,2,4,0,6,0,0,10,0,65,156
Chhattisgarh,Raigarh,74,34,121,96,21,150,331,81,37,820,7,140,140,0,269,0,0,2321
Chhattisgarh,Raipur,49,95,141,265,76,532,1557,77,273,107,3,224,48,16,424,11,1674,5572
Chhattisgarh,Rajnandgaon,33,29,57,113,20,143,264,32,72,15,4,100,27,10,199,5,721,1844
Chhattisgarh,Sarguja,61,13,94,51,16,82,124,0,26,61,4,76,15,1,156,6,338,1124
Chhattisgarh,Sukma,20,43,5,9,5,9,10,0,0,3,0,5,5,0,10,0,0,124
Chhattisgarh,Surajpur,38,19,50,81,12,5,248,23,25,36,1,70,12,3,121,3,320,1067
Chhattisgarh,Total,998,716,1436,2014,405,3247,6098,633,930,3961,128,2122,649,72,3762,74,7759,35004
Goa,North Goa,20,25,55,93,13,231,733,95,152,82,0,146,38,16,138,13,398,2248
Goa,South Goa,14,17,37,59,19,141,368,38,86,32,0,53,10,8,85,1,209,1177
Goa,C. I. D.,0,0,3,0,0,0,53,0,22,0,0,3,2,1,0,4,0,88
Goa,Total,34,42,95,152,32,372,1154,133,260,114,0,202,50,25,223,18,607,3513
Gujarat,Ahmedabad City,82,61,100,367,261,500,2589,59,214,245,11,162,68,12,330,28,1756,6845
Gujarat,Ahmedabad Rural,27,48,18,84,17,57,221,39,17,65,0,31,4,0,273,3,484,1388
Gujarat,Amreli,26,25,7,72,17,78,93,21,9,61,0,21,0,0,123,3,305,861
Gujarat,Anand,37,21,12,73,31,114,354,21,55,72,0,21,2,0,242,6,616,1677
Gujarat,Arvalli,28,10,5,37,5,67,85,4,3,19,0,19,19,0,126,0,2145,2572
Gujarat,Banaskantha,51,42,56,112,79,214,389,67,70,523,0,90,5,0,257,4,459,2418
Gujarat,Bharuch,47,27,42,64,29,142,406,53,3,89,0,49,15,8,323,7,438,1742
Gujarat,Bhavnagar,39,33,17,105,39,153,361,53,30,148,0,39,10,0,204,3,525,1759
Gujarat,Botad,13,10,11,27,4,25,57,9,3,44,0,11,0,0,58,2,110,384
Gujarat,Chhotaudepur,22,10,15,40,6,31,110,0,7,51,0,11,0,0,119,2,186,610
Gujarat,C. I. D. Crime,2,0,0,0,0,0,0,0,6,0,0,0,0,0,0,0,0,8
Gujarat,Dahod,45,21,27,96,37,115,218,30,12,119,0,28,0,0,192,2,387,1329
Gujarat,Dang,10,2,4,4,0,8,12,4,5,12,1,6,0,0,20,0,0,88
Gujarat,Devbhumi Dwarka,9,11,3,18,6,38,47,20,10,32,0,14,0,0,82,6,199,495
Gujarat,Gandhinagar,20,9,17,79,61,90,367,48,89,60,0,22,4,3,207,3,3327,4406
Gujarat,Gir Somnath,17,8,17,32,20,52,80,28,21,34,1,30,4,0,110,2,226,682
Gujarat,Jamnagar,23,36,34,60,17,119,282,40,13,110,1,26,0,0,163,11,674,1609
Gujarat,Junagadh,13,15,21,70,25,81,150,30,14,29,0,42,0,1,111,4,481,1087
Gujarat,Kachchh East(G),35,27,31,66,23,137,345,46,33,70,0,34,9,0,169,7,733,1765
Gujarat,Kachchh West(B),16,13,18,35,15,106,237,53,65,53,0,27,26,0,161,3,415,1243
Gujarat,Kheda,22,21,12,80,5,56,173,22,25,115,0,29,2,2,242,1,747,1554
Gujarat,Mahisagar,18,8,10,25,4,53,32,10,4,26,0,15,7,1,86,0,128,427
Gujarat,Mehsana,24,11,6,108,66,183,544,59,43,56,0,42,4,0,198,4,1215,2563
Gujarat,Morbi,31,15,9,29,6,41,177,19,2,36,3,17,0,0,201,4,981,1571
Gujarat,Narmada,12,2,8,15,0,15,40,10,2,41,0,21,21,0,91,0,139,417
Gujarat,Navsari,19,11,15,37,9,136,227,18,21,44,0,19,11,0,240,10,311,1128
Gujarat,Panchmahal,34,8,24,69,8,93,160,1,8,76,0,28,20,1,242,0,958,1730
Gujarat,Patan,17,15,25,53,25,85,261,11,34,81,1,51,0,0,129,2,279,1069
Gujarat,Porbandar,8,8,8,20,11,29,57,19,14,20,1,18,3,0,47,2,124,389
Gujarat,Rajkot City,43,43,17,99,91,176,835,61,18,92,0,31,5,0,142,17,626,2296
Gujarat,Rajkot Rural,24,19,30,69,24,104,211,38,14,49,1,36,12,1,198,3,836,1669
Gujarat,Sabarkantha,22,10,10,37,20,64,197,17,36,34,0,33,33,0,170,0,3119,3802
Gujarat,Surat City,85,41,94,263,30,257,1315,30,329,355,2,70,45,1,244,9,656,3826
Gujarat,Surat Rural,52,8,21,45,32,151,477,15,53,51,0,34,1,0,480,7,1042,2469
Gujarat,Surendranagar,34,48,22,44,15,88,232,47,11,133,0,36,7,0,203,3,472,1395
Gujarat,Tapi,13,2,15,13,3,34,112,12,5,23,0,9,0,0,150,0,170,561
Gujarat,Vadodara City,23,37,23,93,117,502,1242,41,195,106,1,109,46,21,204,14,2946,5720
Gujarat,Vadodara Rural,24,6,11,66,7,57,158,20,26,70,0,36,17,1,276,5,817,1597
Gujarat,Valsad,43,13,26,111,29,221,567,43,48,106,0,27,4,10,312,6,641,2207
Gujarat,W.Rly  Ahmedabad,9,1,0,2,11,1,357,0,7,11,0,6,1,0,5,0,3,414
Gujarat,W.Rly Vadodara,5,0,0,3,4,4,560,0,0,2,0,2,0,0,2,2,1,585
Gujarat,Total,1124,756,841,2722,1209,4477,14337,1118,1574,3363,23,1352,405,62,7132,185,29677,70357
Haryana,Ambala (Rural),15,13,25,59,4,96,194,0,38,62,9,17,15,0,119,0,147,813
Haryana,Ambala (Urban),25,18,31,159,16,321,430,6,52,95,8,23,6,7,124,9,195,1525
Haryana,Bhiwani,62,47,44,102,54,400,822,219,87,52,12,99,24,17,234,7,400,2682
Haryana,Faridabad,64,41,101,384,40,412,2079,0,50,111,20,94,35,17,13,16,0,3477
Haryana,Fatehabad,20,15,27,39,16,218,300,92,64,18,7,56,20,10,104,2,190,1198
Haryana,G. R. P.,26,6,1,4,31,2,375,4,8,9,8,17,3,5,13,2,60,574
Haryana,Gurgaon,96,54,117,348,119,725,4815,172,439,88,19,155,50,35,416,30,776,8454
Haryana,Hissar,66,49,55,73,39,558,1191,164,155,82,14,91,52,18,213,20,387,3227
Haryana,Jhajjar,69,60,56,24,28,161,427,0,63,57,25,47,16,1,223,6,240,1503
Haryana,Jind,49,29,23,82,37,246,533,150,26,27,12,67,24,5,154,11,189,1664
Haryana,Kaithal,47,19,33,133,11,170,352,0,15,83,10,58,25,6,133,4,226,1325
Haryana,Karnal,53,33,100,379,24,367,976,21,172,260,17,95,11,24,269,9,301,3111
Haryana,Kurukshetra,30,15,35,61,21,261,631,0,113,145,6,59,11,10,195,2,256,1851
Haryana,Mahendergarh,38,9,24,72,26,199,445,93,44,78,15,78,20,7,156,4,321,1629
Haryana,Mewat,33,68,85,75,27,79,452,224,36,53,5,86,26,3,139,5,243,1639
Haryana,Palwal,52,64,49,97,53,168,844,243,55,82,16,96,45,7,186,10,270,2337
Haryana,Panchkula,14,10,36,146,73,233,357,0,70,8,5,30,9,9,93,4,126,1223
Haryana,Panipat,53,33,64,100,49,416,1207,110,73,33,18,97,37,22,275,21,326,2934
Haryana,Rewari,27,28,41,114,53,224,670,64,89,121,11,65,41,9,240,5,424,2226
Haryana,Rohtak,76,60,68,85,43,342,984,109,29,73,16,98,31,27,185,5,231,2462
Haryana,Sirsa,36,28,49,77,25,376,543,18,57,24,5,86,52,15,151,12,187,1741
Haryana,Sonipat,110,66,60,83,54,364,940,10,120,49,28,98,23,13,358,14,465,2855
Haryana,Yamunanagar,45,18,50,386,31,379,747,4,90,61,7,76,23,17,157,9,242,2342
Haryana,Irrigation & Power,0,0,0,0,0,0,0,0,0,0,0,0,0,0,0,0,0,0
Haryana,Total,1106,783,1174,3082,874,6717,20314,1703,1945,1671,293,1688,599,284,4150,207,6202,52792
Himachal Pradesh,Baddi,13,3,9,14,3,32,41,42,21,17,0,15,3,1,54,0,153,421
Himachal Pradesh,Bilaspur,4,9,15,46,0,45,39,36,20,54,0,72,16,2,42,0,186,586
Himachal Pradesh,Chamba,8,5,23,20,1,98,31,37,14,59,0,27,6,5,54,0,87,475
Himachal Pradesh,C. I. D.,0,0,1,0,0,0,0,0,2,0,0,0,0,0,0,0,0,3
Himachal Pradesh,G. R. P.,1,0,0,0,0,0,1,0,0,0,0,0,0,0,0,0,0,2
Himachal Pradesh,Hamirpur,12,4,13,18,0,44,32,14,30,46,0,32,0,0,27,0,125,397
Himachal Pradesh,Kangra,26,11,43,32,2,141,107,78,53,117,0,79,17,9,95,1,422,1233
Himachal Pradesh,Kinnaur,2,0,10,5,1,40,11,6,2,12,0,5,0,0,27,0,30,151
Himachal Pradesh,Kullu,9,4,16,24,0,55,49,26,26,66,0,35,7,0,52,0,114,483
Himachal Pradesh,Lahaul & Spiti,2,0,0,1,0,1,1,0,0,1,0,0,0,0,7,0,8,21
Himachal Pradesh,Mandi,15,6,47,46,0,76,57,51,59,65,0,101,19,15,63,1,346,967
Himachal Pradesh,Shimla,18,15,39,39,6,149,116,72,45,35,0,64,34,10,134,0,290,1066
Himachal Pradesh,Sirmaur,6,3,28,19,2,50,48,41,27,33,0,46,40,6,80,0,162,591
Himachal Pradesh,Solan,5,1,16,24,0,104,73,30,26,21,0,31,4,7,61,2,227,632
Himachal Pradesh,Una,9,2,23,16,1,49,46,38,64,67,1,31,13,7,80,1,186,634
Himachal Pradesh,Total,130,63,283,304,16,884,652,471,389,593,1,538,159,62,776,5,2336,7662
Jammu & Kashmir,Anantnag,9,16,19,64,0,92,90,180,20,2,0,123,0,0,29,0,206,850
Jammu & Kashmir,Awantipora,9,6,6,19,3,15,31,15,6,0,0,19,19,0,9,0,69,226
Jammu & Kashmir,Bandipora,2,5,4,40,1,36,34,65,9,1,0,53,0,0,18,0,64,332
Jammu & Kashmir,Baramulla,2,16,10,61,11,56,81,151,13,5,0,83,0,0,21,0,174,684
Jammu & Kashmir,Budgam,11,25,9,48,2,58,78,134,7,2,0,30,0,0,9,0,119,532
Jammu & Kashmir,Crime Jammu,0,0,0,0,0,0,0,0,14,0,0,0,0,0,0,0,0,14
Jammu & Kashmir,Crime Srinagar,1,0,1,0,0,0,0,0,41,0,0,0,0,0,0,0,0,43
Jammu & Kashmir,Doda,3,24,23,16,0,40,44,3,13,6,0,60,0,0,166,0,0,398
Jammu & Kashmir,Ganderbal,2,11,0,20,0,44,26,0,3,2,0,54,54,0,17,0,86,319
Jammu & Kashmir,Handwara,3,14,3,26,2,22,44,53,1,3,0,80,0,0,8,0,94,353
Jammu & Kashmir,Jammu,21,86,68,73,6,290,399,71,159,17,4,81,0,0,143,0,1287,2705
Jammu & Kashmir,Kargil,1,0,2,2,0,3,3,11,0,2,0,0,0,0,17,0,50,91
Jammu & Kashmir,Kathua,13,22,18,36,0,58,69,39,18,12,1,43,0,0,58,0,384,771
Jammu & Kashmir,Kishtwar,0,7,6,18,0,29,21,2,6,0,0,23,0,0,1,0,72,185
Jammu & Kashmir,Kulgam,4,9,7,44,12,39,48,78,12,110,0,171,0,0,21,0,178,733
Jammu & Kashmir,Kupwara,7,25,8,42,0,34,34,159,7,7,0,61,61,0,8,0,105,558
Jammu & Kashmir,Leh,1,0,6,1,0,7,8,0,10,2,0,3,0,0,0,0,0,38
Jammu & Kashmir,Poonch,8,15,13,36,0,38,30,85,10,76,0,42,42,0,19,0,131,545
Jammu & Kashmir,Pulwama,5,13,7,21,5,16,20,63,6,37,0,20,0,0,7,0,49,269
Jammu & Kashmir,Railways Jammu,1,0,0,0,0,0,7,0,0,0,0,1,0,0,0,0,2,11
Jammu & Kashmir,Railways Kashmir,0,0,0,0,0,2,1,3,0,0,0,2,0,0,0,0,1,9
Jammu & Kashmir,Railways Katra,0,0,0,0,0,0,1,0,0,0,0,0,0,0,0,0,0,1
Jammu & Kashmir,Rajouri,18,29,39,62,1,44,56,34,28,18,0,65,65,0,42,0,343,844
Jammu & Kashmir,Ramban,3,7,8,23,0,17,41,2,7,5,0,25,0,0,38,0,219,395
Jammu & Kashmir,Reasi,1,10,16,29,0,20,34,28,9,12,0,18,0,1,29,0,175,382
Jammu & Kashmir,Samba,4,20,7,12,1,29,33,34,10,8,0,10,0,0,1,0,307,476
Jammu & Kashmir,Shopian,5,39,1,37,6,17,49,74,2,0,0,30,0,0,10,0,44,314
Jammu & Kashmir,Sopore,9,34,8,40,3,75,62,45,2,0,0,83,0,0,4,0,76,441
Jammu & Kashmir,Srinagar,5,34,12,71,36,238,375,130,77,8,0,218,1,0,51,0,323,1579
Jammu & Kashmir,Udhampur,8,17,30,19,0,48,54,3,7,6,0,23,0,0,56,0,445,716
Jammu & Kashmir,Total,156,484,331,860,89,1367,1773,1462,497,341,5,1421,242,1,782,0,5003,14814
Jharkhand,Bokaro,43,13,63,97,41,114,752,136,147,0,18,0,0,0,0,31,0,1455
Jharkhand,Chaibasa,120,45,54,46,16,34,163,0,43,23,2,22,11,0,99,10,75,763
Jharkhand,Chatra,59,3,18,37,8,20,141,86,35,14,62,19,0,0,44,12,63,621
Jharkhand,Deoghar,43,67,25,63,17,84,343,91,98,564,28,21,6,0,73,14,88,1625
Jharkhand,Dhanbad,79,8,54,155,48,219,1052,216,26,27,28,54,0,0,1,36,449,2452
Jharkhand,Dhanbad Railway,13,0,0,5,7,1,221,0,6,1,2,6,0,0,0,1,0,263
Jharkhand,Dumka,59,32,39,31,5,73,239,62,33,146,11,9,0,2,135,7,146,1029
Jharkhand,Garhwa,67,248,50,90,30,60,154,0,93,85,25,19,19,0,60,50,107,1157
Jharkhand,Giridih,72,71,58,91,35,62,284,0,145,34,40,39,39,0,106,10,88,1174
Jharkhand,Godda,50,0,34,61,6,18,147,74,56,0,3,0,0,0,0,0,110,559
Jharkhand,Gumla,187,21,67,45,34,21,140,13,38,0,1,15,0,0,95,63,92,832
Jharkhand,Hazaribagh,60,4,52,110,25,131,459,97,135,7,23,50,0,0,159,31,147,1490
Jharkhand,Jamshedpur,100,52,55,82,43,175,909,99,427,61,13,47,11,0,178,32,197,2481
Jharkhand,Jamshedpur Railway,11,0,0,5,4,1,118,0,5,1,0,2,0,0,2,2,2,153
Jharkhand,Jamtara,18,49,27,28,6,30,123,50,71,3,10,29,1,0,30,14,39,528
Jharkhand,Khunti,84,12,7,16,19,2,38,36,5,3,2,3,0,0,41,18,20,306
Jharkhand,Koderma,25,6,15,41,11,33,125,78,60,0,16,0,0,0,58,4,75,547
Jharkhand,Latehar,41,11,25,37,9,15,107,21,18,0,8,0,0,0,54,10,47,403
Jharkhand,Lohardagga,40,14,43,32,13,25,75,5,25,0,2,5,0,0,42,10,48,379
Jharkhand,Pakur,30,16,55,18,5,35,74,57,47,29,1,12,5,0,68,15,0,467
Jharkhand,Palamu,77,90,44,68,43,87,203,122,51,16,19,15,15,0,85,36,88,1059
Jharkhand,Ramgarh,40,40,48,60,10,51,298,103,53,10,11,20,7,3,77,19,158,1008
Jharkhand,Ranchi,133,45,75,81,50,84,518,90,112,305,13,1,0,0,130,28,361,2026
Jharkhand,Sahebganj,72,29,87,68,9,10,116,69,89,0,4,20,0,0,28,9,0,610
Jharkhand,Saraikela,58,19,31,41,11,47,207,18,21,10,7,27,0,0,106,17,91,711
Jharkhand,Simdega,77,12,24,15,16,10,40,14,16,5,1,5,0,0,0,21,70,326
Jharkhand,Total,1658,907,1050,1423,521,1442,7046,1537,1855,1344,350,440,114,5,1671,500,2561,24424
Karnataka,Bagalkot,39,50,22,25,17,125,161,198,91,29,4,96,0,0,285,0,581,1723
Karnataka,Bengaluru City,241,489,104,708,1067,1542,11455,373,3045,217,57,680,53,19,885,152,4315,25402
Karnataka,Bengaluru District,78,82,60,83,145,262,667,248,318,32,22,135,0,0,614,0,0,2746
Karnataka,Belagavi District,75,99,59,47,40,205,326,403,115,94,4,233,23,2,605,6,1429,3765
Karnataka,Ballari,58,65,48,20,49,216,380,233,228,338,12,121,0,0,320,0,802,2890
Karnataka,Bidar,44,44,33,52,38,127,250,219,75,34,10,82,0,0,256,5,1217,2486
Karnataka,Vijayapura,64,94,45,43,48,127,151,276,68,40,7,127,24,2,359,0,798,2273
Karnataka,Chikkaballapura,32,45,36,27,21,103,231,179,89,26,10,106,0,0,221,3,490,1619
Karnataka,Chamarajnagar,28,36,11,19,7,41,138,85,31,13,5,92,2,1,140,0,342,991
Karnataka,Chikkamagaluru,39,53,30,38,34,104,215,93,86,22,5,172,0,0,10,0,0,901
Karnataka,Chitradurga,47,31,24,31,24,100,266,244,77,14,17,241,0,0,360,0,1501,2977
Karnataka,Dakshina Kannada,26,33,40,10,19,100,91,141,88,16,1,70,8,2,151,1,818,1615
Karnataka,Davanagere,45,62,40,60,45,170,439,266,111,35,9,211,27,2,267,1,963,2753
Karnataka,Dharwad,24,23,23,8,9,38,69,106,29,24,3,32,4,2,195,0,384,973
Karnataka,Gadag,12,18,15,11,14,55,82,92,48,18,2,31,0,0,126,0,361,885
Karnataka,Kalaburgi,75,97,53,66,67,196,307,0,110,69,14,145,0,0,361,3,1208,2771
Karnataka,Hassan,64,96,63,57,33,181,344,156,110,4,11,251,0,0,409,0,1703,3482
Karnataka,Haveri,28,44,40,17,12,79,253,250,37,23,10,94,0,0,196,0,714,1797
Karnataka,Hubballi Dharwad City,20,35,21,37,72,141,321,109,130,34,7,31,3,0,108,0,436,1505
Karnataka,K.G.F.,13,37,20,12,19,45,70,39,64,7,1,21,5,1,70,3,117,544
Karnataka,Kodagu,33,33,25,36,9,99,128,0,80,13,1,60,0,0,63,0,456,1036
Karnataka,Kolar,35,67,32,18,42,61,184,208,80,10,8,67,13,3,234,0,594,1656
Karnataka,Koppal,26,12,28,31,12,58,188,175,111,183,4,34,0,0,171,0,627,1660
Karnataka,Mandya,41,65,36,69,61,201,421,216,88,37,11,278,0,0,385,0,1324,3233
Karnataka,Mangaluru City,30,79,25,22,57,228,230,119,282,11,1,72,0,0,215,0,960,2331
Karnataka,Mysuru City,24,35,41,52,73,106,542,68,227,20,3,87,10,4,109,11,663,2075
Karnataka,Mysuru District,52,51,41,50,28,183,496,254,87,34,20,201,0,0,298,0,867,2662
Karnataka,Raichur,53,64,55,37,10,66,209,300,132,39,5,198,0,0,273,3,673,2117
Karnataka,K.Railways,13,1,1,4,96,0,712,0,6,23,1,9,9,0,7,0,0,882
Karnataka,Ramanagar,73,59,43,55,81,207,454,221,102,50,12,142,0,0,0,0,1400,2899
Karnataka,Shimoga,50,50,58,54,60,312,326,350,236,38,8,404,0,11,287,0,1718,3962
Karnataka,Tumakuru,55,50,36,34,50,140,293,193,176,44,15,242,12,0,554,0,1449,3343
Karnataka,Udupi,22,23,28,19,38,94,126,73,129,17,3,111,48,8,205,18,982,1944
Karnataka,Uttara Kannada,21,26,25,32,29,105,111,103,108,38,0,154,8,2,245,0,1042,2049
Karnataka,Yadgiri,31,40,41,22,13,40,68,119,26,36,2,148,1,3,150,0,364,1104
Karnataka,Belagavi City,25,37,22,27,77,175,315,155,115,35,8,85,3,2,151,0,609,1841
Karnataka,Total,1636,2225,1324,1933,2516,6032,21019,6264,6935,1717,313,5263,253,64,9285,206,31907,98892
Kerala,Alapuzha,19,33,61,8,54,190,226,213,429,117,0,245,41,0,305,0,5759,7700
Kerala,Ernakulam Commr.,13,29,64,4,17,157,331,57,749,49,0,158,158,0,114,3,13431,15334
Kerala,Ernakulam Rural,19,27,71,8,32,193,363,311,320,167,0,224,29,0,278,0,14471,16513
Kerala,Idukki,20,25,71,10,26,157,144,213,206,90,2,186,26,0,71,0,1415,2662
Kerala,Kannur,22,35,59,15,83,185,149,403,190,65,1,222,26,1,183,0,1644,3283
Kerala,Kasargod,16,27,59,8,32,142,161,318,223,55,0,123,16,3,93,6,801,2083
Kerala,Kollam Commr.,10,34,78,13,63,95,143,276,187,132,1,287,287,0,181,0,1418,3205
Kerala,Kollam Rural,28,35,81,19,32,194,161,228,192,107,2,240,0,0,123,0,1053,2495
Kerala,Kottayam,17,32,75,14,38,169,235,156,240,108,0,204,41,0,199,0,12303,13831
Kerala,Kozhikode Commr.,8,13,35,2,52,183,282,189,259,31,1,107,6,1,141,0,1982,3292
Kerala,Kozhikode Rural,9,54,52,10,36,196,203,288,347,42,0,226,95,4,199,0,1840,3601
Kerala,Malappuram,19,50,103,8,34,271,310,682,374,103,1,346,10,5,319,3,12448,15086
Kerala,Palakkad,23,53,88,21,52,204,308,437,410,97,7,182,46,3,272,1,2411,4615
Kerala,Pathanamthitta,11,37,63,13,41,187,228,75,274,136,0,163,16,0,98,0,5022,6364
Kerala,Railways,3,0,0,2,12,2,299,6,2,0,0,74,18,0,0,0,0,418
Kerala,Thrissur Commr.,17,17,38,8,34,83,165,73,362,67,0,109,22,7,100,0,3233,4335
Kerala,Thrissur Rural,24,57,94,10,68,141,263,213,467,165,2,298,41,5,261,3,14859,16971
Kerala,Trivandrum Commr.,13,23,56,14,59,147,325,226,294,48,2,254,52,5,125,13,8816,10472
Kerala,Trivandrum Rural,45,78,122,19,83,472,338,383,361,209,6,581,15,0,250,7,5271,8240
Kerala,Wayanadu,9,15,75,16,21,79,64,135,169,37,0,134,35,3,64,0,785,1641
Kerala,Crime Branch,22,2,2,0,0,5,2,1,36,2,3,4,0,0,5,1,0,85
Kerala,Total,367,676,1347,222,869,3452,4700,4883,6091,1827,28,4367,980,37,3381,37,108962,142226
Madhya Pradesh,Agar,5,31,28,18,5,54,142,15,7,38,2,56,47,1,65,0,281,795
Madhya Pradesh,Alirajpur,46,20,17,17,10,35,94,9,5,63,0,15,0,0,86,0,306,723
Madhya Pradesh,Anuppur,35,16,70,107,23,168,187,24,22,29,7,121,43,9,66,0,305,1232
Madhya Pradesh,Ashok Nagar,29,30,76,67,15,123,125,26,11,263,12,171,33,5,100,0,360,1446
Madhya Pradesh,Balaghat,60,23,131,187,16,144,136,41,40,23,12,178,89,21,152,5,568,1826
Madhya Pradesh,Barwani,44,19,68,27,7,112,222,16,7,34,4,92,24,5,154,0,821,1656
Madhya Pradesh,Betul,63,53,164,191,19,231,339,2,40,40,9,417,100,51,191,2,884,2796
Madhya Pradesh,Bhind,62,126,78,106,92,204,418,0,51,1247,30,142,0,0,215,0,0,2771
Madhya Pradesh,Bhopal,83,117,223,366,113,1041,3010,62,190,327,20,343,343,0,234,0,3260,9732
Madhya Pradesh,Bhopal Railway,4,4,3,25,20,6,1670,4,5,1,0,19,19,0,0,0,0,1780
Madhya Pradesh,Burhanpur,20,20,46,24,5,58,121,8,21,47,5,90,32,14,73,0,371,955
Madhya Pradesh,Chhatarpur,44,48,78,181,35,197,217,28,35,308,22,232,232,0,182,0,0,1839
Madhya Pradesh,Chhindwara,73,43,205,231,13,245,289,42,48,2024,9,241,241,0,300,0,1226,5230
Madhya Pradesh,Damoh,33,48,46,109,11,89,112,10,16,107,31,137,0,0,119,0,394,1262
Madhya Pradesh,Datia,42,47,34,71,48,76,145,17,23,74,14,88,0,0,86,0,9,774
Madhya Pradesh,Dewas,64,55,121,88,14,194,511,48,43,94,10,216,61,35,187,1,1307,3049
Madhya Pradesh,Dhar,51,43,138,341,76,261,857,65,38,493,15,244,244,0,337,0,1879,5082
Madhya Pradesh,Dindori,24,12,91,75,5,65,83,11,14,7,4,162,0,0,73,0,421,1047
Madhya Pradesh,Guna,46,51,123,173,34,155,409,52,31,500,12,168,1,1,160,2,574,2492
Madhya Pradesh,Gwalior,78,137,158,233,99,641,1821,108,143,66,36,364,52,32,228,28,1915,6139
Madhya Pradesh,Harda,12,14,47,79,8,52,80,10,6,44,5,82,40,6,80,1,251,817
Madhya Pradesh,Hoshangabad,59,65,102,110,42,227,416,38,26,110,6,183,21,11,136,0,810,2362
Madhya Pradesh,Indore,115,220,261,507,317,1588,6530,75,177,139,37,411,127,39,629,1,5344,16517
Madhya Pradesh,Indore Railway,1,0,4,5,4,5,434,0,0,0,0,9,0,0,0,0,0,462
Madhya Pradesh,Jabalpur,92,151,194,517,137,580,1025,58,115,137,34,374,0,0,322,11,2839,6586
Madhya Pradesh,Jabalpur Railway,3,2,4,15,37,4,909,1,1,3,0,21,7,0,1,0,8,1016
Madhya Pradesh,Jhabua,33,13,52,102,45,116,196,29,29,122,0,98,0,0,92,0,758,1685
Madhya Pradesh,Katni,35,24,93,192,15,174,161,6,35,153,18,178,54,2,271,4,330,1745
Madhya Pradesh,Khandwa,31,33,84,127,17,312,357,39,53,49,6,270,254,15,122,6,578,2353
Madhya Pradesh,Khargone,42,29,118,126,18,195,425,23,27,125,43,247,0,0,310,2,104,1834
Madhya Pradesh,Mandla,36,15,64,141,5,72,57,6,22,248,6,99,0,0,97,4,38,910
Madhya Pradesh,Mandsaur,30,65,90,140,9,199,368,25,39,103,5,183,0,0,125,0,669,2050
Madhya Pradesh,Morena,43,47,43,120,69,158,503,101,14,308,30,131,0,2,199,0,845,2613
Madhya Pradesh,Narsinghpur,40,30,113,87,7,122,145,21,25,1675,20,165,0,0,182,0,0,2632
Madhya Pradesh,Neemuch,8,18,47,41,9,79,250,17,17,56,3,88,22,2,142,0,466,1265
Madhya Pradesh,Panna,29,12,41,145,14,95,73,1,11,205,10,84,0,0,75,0,0,795
Madhya Pradesh,Raisen,46,52,161,90,21,109,340,0,20,119,5,225,74,11,256,0,554,2083
Madhya Pradesh,Rajgarh,28,32,94,112,24,160,363,41,24,96,5,235,0,0,130,7,789,2140
Madhya Pradesh,Ratlam,36,53,69,172,31,148,339,38,35,230,5,151,0,0,155,0,908,2370
Madhya Pradesh,Rewa,73,35,110,272,97,641,562,44,19,139,36,169,17,2,214,8,177,2615
Madhya Pradesh,Sagar,75,61,126,214,23,264,439,85,28,307,35,405,110,24,275,2,1169,3642
Madhya Pradesh,Satna,69,63,187,451,67,379,495,68,37,649,30,254,254,0,370,0,0,3373
Madhya Pradesh,Seoni,29,11,83,155,5,114,181,19,41,77,9,137,69,12,142,2,662,1748
Madhya Pradesh,Shahdol,36,24,122,200,32,277,334,21,39,92,16,272,68,50,114,0,619,2316
Madhya Pradesh,Shajapur,20,25,68,47,15,141,314,21,13,99,7,139,113,9,110,0,455,1596
Madhya Pradesh,Sheopur,18,15,23,36,6,47,92,12,11,72,5,57,10,6,40,3,160,613
Madhya Pradesh,Shivpuri,55,55,101,172,52,207,389,0,54,230,11,269,69,8,210,0,872,2754
Madhya Pradesh,Sidhi,31,10,40,100,21,116,107,13,21,54,14,100,29,0,100,3,570,1329
Madhya Pradesh,Sehore,33,46,124,149,21,267,472,39,25,61,12,162,21,0,202,8,1074,2716
Madhya Pradesh,Singrauli,42,29,88,114,15,147,231,32,10,88,17,97,47,5,118,0,389,1469
Madhya Pradesh,Tikamgarh,36,25,92,79,25,165,128,35,17,196,15,133,21,4,121,1,507,1600
Madhya Pradesh,Ujjain,67,134,126,148,54,434,1103,60,45,114,11,282,0,0,208,0,1650,4436
Madhya Pradesh,Umaria,17,6,51,91,12,102,78,11,16,31,2,104,104,0,0,0,0,625
Madhya Pradesh,Vidisha,48,82,156,140,35,315,440,27,46,197,21,299,71,19,171,1,783,2851
Madhya Pradesh,Cyber Cell,0,0,0,0,0,0,0,0,0,0,0,0,0,0,0,0,0,0
Madhya Pradesh,Total,2274,2439,5076,7833,1969,12110,29244,1604,1888,12113,733,9609,3163,401,8727,102,39259,138544
Maharashtra,Ahmednagar,109,74,103,121,274,559,1519,457,165,199,13,269,67,3,736,9,747,5424
Maharashtra,Akola,52,50,52,42,108,177,736,86,108,121,5,219,101,19,141,18,503,2538
Maharashtra,Amravati Commr.,27,49,27,36,56,206,815,9,90,69,1,132,24,15,82,7,510,2155
Maharashtra,Amravati Rural,51,63,103,76,42,236,1221,43,93,269,8,415,216,77,237,2,546,3698
Maharashtra,Aurangabad Commr.,35,54,27,63,204,267,1419,134,197,71,2,227,110,65,183,13,771,3842
Maharashtra,Aurangabad Rural,49,63,31,37,41,116,917,254,87,77,7,177,86,4,298,3,402,2649
Maharashtra,Beed,75,93,70,72,94,227,678,230,120,121,3,273,173,13,304,8,856,3410
Maharashtra,Bhandara,20,17,28,23,25,153,476,18,55,42,3,73,47,8,135,2,309,1434
Maharashtra,Buldhana,59,55,57,44,44,155,669,163,94,128,22,253,94,13,279,3,396,2528
Maharashtra,Chandrapur,51,50,99,49,41,233,751,53,120,127,2,224,0,0,313,6,512,2631
Maharashtra,Dhule,38,46,35,43,56,145,366,149,86,50,11,98,0,0,311,9,378,1821
Maharashtra,Gadchiroli,54,55,22,8,8,85,102,6,36,24,0,32,10,0,109,2,90,643
Maharashtra,Gondia,33,21,58,26,20,130,313,13,41,59,6,113,113,0,135,2,209,1292
Maharashtra,Hingoli,27,28,24,29,19,51,128,66,44,54,4,80,51,8,91,0,186,890
Maharashtra,Jalgaon,80,77,66,84,129,248,999,318,191,172,1,347,213,0,393,17,597,3932
Maharashtra,Jalna,64,76,33,39,75,206,582,120,116,191,13,185,155,0,189,12,16,2072
Maharashtra,Kolhapur,64,68,84,70,236,363,883,255,317,111,8,176,42,33,317,13,776,3816
Maharashtra,Latur,74,61,57,84,79,231,549,0,125,42,4,174,0,0,256,12,393,2141
Maharashtra,Mumbai Commr.,183,181,607,541,2094,3055,10101,400,2594,2006,22,1626,650,129,584,247,4129,29149
Maharashtra,Mumbai Railway,17,2,1,17,573,4,2247,6,46,14,0,55,20,7,2,7,0,3018
Maharashtra,Nagpur Commr.,103,92,113,145,505,1074,2962,147,394,313,10,279,197,53,316,41,1096,7840
Maharashtra,Nagpur Railway,2,1,3,2,80,0,1531,7,8,12,0,20,0,0,3,0,0,1669
Maharashtra,Nagpur Rural,69,46,65,35,65,249,1024,60,60,146,4,187,52,9,437,4,730,3242
Maharashtra,Nanded,73,73,43,95,62,243,511,179,11,171,6,147,147,0,268,14,574,2617
Maharashtra,Nandurbar,36,19,25,21,13,84,157,73,34,34,2,36,8,4,129,2,233,910
Maharashtra,Nasik Commr.,26,30,28,59,124,299,1053,63,130,65,3,101,47,7,172,15,489,2711
Maharashtra,Nasik Rural,98,65,87,108,103,319,888,334,186,406,17,224,171,11,688,7,1599,5311
Maharashtra,Navi Mumbai,51,23,88,140,411,549,1447,82,576,109,6,158,30,24,361,38,527,4620
Maharashtra,Osmanabad,39,58,43,28,40,206,427,136,75,65,5,126,46,10,243,6,408,1961
Maharashtra,Palghar,85,36,98,114,211,631,1071,192,259,213,1,183,28,9,396,5,369,3901
Maharashtra,Parbhani,44,82,38,64,48,204,488,145,145,141,5,140,68,8,120,9,328,2077
Maharashtra,Pune Commr.,138,181,189,228,873,1362,4867,238,770,470,20,454,110,38,456,62,1299,11755
Maharashtra,Pune Railway,8,1,2,3,56,1,543,3,2,5,1,5,1,0,0,1,0,632
Maharashtra,Pune Rural,153,125,147,157,251,807,2592,577,282,270,13,356,59,38,988,13,1244,8072
Maharashtra,Raigad,31,17,47,41,72,224,429,126,142,74,2,99,42,10,281,6,386,2029
Maharashtra,Ratnagiri,11,15,34,19,38,143,256,61,71,24,0,59,19,16,153,4,342,1265
Maharashtra,Sangli,50,47,66,68,63,227,608,205,197,136,6,157,39,8,309,29,430,2645
Maharashtra,Satara,67,39,97,88,234,408,1254,335,155,142,4,241,89,34,470,9,605,4271
Maharashtra,Sindhudurg,7,10,12,10,16,84,132,24,10,20,0,42,29,11,80,0,102,589
Maharashtra,Solapur Commr.,21,26,39,39,123,231,586,109,99,32,3,52,20,5,91,8,234,1718
Maharashtra,Solapur Rural,87,75,97,93,68,253,1062,418,73,237,2,227,72,22,500,10,891,4187
Maharashtra,Thane Commr.,117,122,215,435,1315,1648,3167,322,953,571,13,559,309,52,306,56,774,10934
Maharashtra,Thane Rural,51,23,75,71,230,349,641,157,301,107,3,165,29,15,216,13,173,2619
Maharashtra,Wardha,35,64,62,37,50,166,800,41,95,109,1,192,32,6,166,1,51,1908
Maharashtra,Washim,31,62,33,32,51,115,466,81,55,71,5,178,178,0,132,4,182,1676
Maharashtra,Yavatmal,75,98,108,157,146,448,1850,183,151,237,12,466,58,13,243,31,668,4944
Maharashtra,Total,2670,2613,3438,3793,9466,17171,56283,7078,9959,8127,279,10001,4052,797,12619,780,26060,175186
Manipur,Bishnupur,12,23,9,11,0,8,50,6,3,20,0,6,0,0,25,5,78,256
Manipur,Chandel,4,7,0,2,0,0,12,3,0,3,0,1,0,0,0,0,18,50
Manipur,Churachandpur,13,11,5,6,0,7,29,1,5,5,0,3,2,0,0,1,10,98
Manipur,C. I. D.,0,0,0,0,0,0,0,0,0,0,0,0,0,0,0,0,0,0
Manipur,Imphal East,13,42,20,27,0,15,251,13,18,44,1,7,0,0,15,26,87,579
Manipur,Imphal West,20,61,20,52,4,28,475,42,39,103,0,44,3,2,27,30,243,1193
Manipur,Senapati,5,6,1,11,3,2,11,3,2,2,0,2,0,0,0,3,29,80
Manipur,Tamenglong,4,19,0,9,0,0,12,1,2,6,0,0,0,0,0,1,29,83
Manipur,Thoubal,15,47,19,61,0,13,157,29,29,88,0,35,0,0,44,11,137,685
Manipur,Ukhrul,10,11,1,3,0,2,4,1,1,3,0,0,0,0,1,1,4,42
Manipur,Total,96,227,75,182,7,75,1001,99,99,274,1,98,5,2,112,78,635,3066
Meghalaya,Garo Hills East,7,1,3,7,6,1,57,0,5,5,0,3,0,0,0,24,5,124
Meghalaya,Garo Hills North,14,8,3,26,2,4,24,0,0,12,0,8,0,0,8,20,0,129
Meghalaya,Garo Hills South,19,24,3,28,2,2,21,3,6,1,0,3,0,0,4,25,0,141
Meghalaya,Garo Hills South West,5,4,4,4,2,0,7,0,1,2,0,8,0,0,6,9,0,52
Meghalaya,Garo Hills West,28,26,11,59,13,47,72,1,9,12,0,11,0,0,24,14,17,344
Meghalaya,Jaintia Hills West,18,11,10,9,3,23,55,0,11,15,0,5,0,0,5,3,8,176
Meghalaya,Jaintia Hills East,19,11,11,7,4,2,68,0,8,12,0,7,0,0,28,3,0,180
Meghalaya,Khasi Hills East,24,20,14,23,53,35,399,0,111,60,0,45,0,4,40,22,25,875
Meghalaya,Khasi Hills South West,4,1,12,0,1,0,15,0,1,3,1,0,0,0,1,0,1,40
Meghalaya,Khasi Hills West,11,7,19,9,3,18,50,0,8,12,0,4,0,0,3,7,0,151
Meghalaya,Ri-Bhoi,10,2,28,7,8,14,89,3,12,19,0,11,0,0,29,8,36,276
Meghalaya,Total,159,115,118,179,97,146,857,7,172,153,1,105,0,4,148,135,92,2488
Mizoram,Aizawl,11,13,39,2,5,251,455,0,45,57,0,58,23,6,18,13,0,996
Mizoram,Champhai,9,3,22,1,0,50,86,0,4,10,0,0,0,0,4,0,0,189
Mizoram,Kolasib,1,1,10,2,0,42,136,0,2,6,0,10,10,0,0,5,9,234
Mizoram,Lawngtlai,6,1,9,0,0,15,26,0,1,10,0,5,0,0,4,0,5,82
Mizoram,Lunglei,8,4,14,0,0,39,52,0,3,7,0,13,13,0,8,1,5,167
Mizoram,Mamit,1,0,10,2,0,40,33,0,2,3,0,6,6,0,5,0,0,108
Mizoram,Saiha,4,0,4,0,0,16,27,0,2,3,0,2,0,0,2,1,0,61
Mizoram,Serchhip,2,0,12,0,1,17,37,0,2,4,0,3,1,0,4,1,1,85
Mizoram,Spl Traffic,0,0,0,0,0,0,0,0,0,0,0,0,0,0,20,0,0,20
Mizoram,Total,42,22,120,7,6,470,852,0,61,100,0,97,53,6,65,21,20,1942
Nagaland,Dimapur,22,17,12,25,26,21,215,2,24,8,0,10,1,1,6,73,0,463
Nagaland,Kiphire,1,2,1,0,0,0,2,0,3,1,0,0,0,0,0,0,1,11
Nagaland,Kohima,3,6,9,5,6,12,75,0,11,0,0,0,0,0,7,28,0,162
Nagaland,Longleng,0,2,1,0,0,0,2,0,0,0,0,0,0,0,0,3,2,10
Nagaland,Mokokchung,5,3,1,2,2,2,10,0,8,4,0,2,0,0,5,5,2,51
Nagaland,Mon,6,2,1,0,0,1,10,0,1,0,0,0,0,0,2,1,0,24
Nagaland,Peren,1,0,0,0,0,0,7,0,0,0,0,1,1,0,0,4,2,16
Nagaland,Phek,9,5,1,0,3,3,25,0,4,3,0,3,3,0,0,12,2,73
Nagaland,Tuensang,0,0,1,2,0,0,20,0,1,0,0,0,0,0,0,2,2,28
Nagaland,Wokha,10,9,0,2,0,0,29,0,0,0,0,0,0,0,0,1,0,51
Nagaland,Zunheboto,1,10,3,1,1,15,23,0,4,7,0,0,0,0,0,0,0,65
Nagaland,Total,58,56,30,37,38,54,418,2,56,23,0,16,5,1,20,129,11,954
Odisha,Angul,58,89,44,85,107,167,548,65,67,14,4,146,50,4,174,10,0,1632
Odisha,Balasore,65,126,110,231,90,240,357,58,140,153,2,566,59,2,185,21,236,2641
Odisha,Baragarh,27,120,56,61,68,113,199,89,33,248,7,114,50,2,98,10,153,1448
Odisha,Berhampur,31,76,30,59,76,114,237,29,78,42,0,162,6,10,96,29,127,1202
Odisha,Bhadrak,39,86,63,116,25,99,222,45,85,38,24,178,26,3,85,8,0,1142
Odisha,Bolangir,26,70,56,130,59,129,199,64,43,212,19,211,24,4,112,9,140,1507
Odisha,Boudh,22,37,24,34,23,29,35,9,14,116,2,68,33,3,36,2,72,559
Odisha,Cuttack,40,55,58,94,63,118,170,37,49,125,27,29,9,0,191,2,210,1277
Odisha,DCP BBSR,42,102,72,151,123,286,1432,71,394,805,27,53,12,8,167,18,0,3763
Odisha,DCP CTC,36,18,66,144,38,163,623,28,157,6,21,82,12,2,94,26,212,1728
Odisha,Deogarh,12,36,32,18,17,36,72,13,10,52,1,46,39,2,28,12,0,426
Odisha,Dhenkanal,52,174,43,68,76,83,237,0,50,39,11,388,45,3,141,15,186,1611
Odisha,Gajapati,17,22,19,22,0,21,36,26,16,23,3,84,12,1,29,4,49,384
Odisha,Ganjam,75,263,85,129,64,137,153,43,51,243,13,410,43,12,68,21,0,1810
Odisha,Jagatsinghpur,43,62,37,83,60,165,329,54,76,209,26,208,20,4,221,23,0,1620
Odisha,Jajpur,76,19,73,123,70,185,397,83,58,1048,49,238,25,1,417,3,0,2865
Odisha,Jharsuguda,33,20,42,48,64,132,217,20,26,34,9,108,8,2,79,5,143,990
Odisha,Kalahandi,38,55,101,190,41,85,103,0,63,349,12,215,11,7,180,9,149,1608
Odisha,Kandhamal,28,14,54,48,14,46,79,10,58,31,4,121,16,6,51,0,95,675
Odisha,Kendrapara,34,40,48,88,36,97,107,37,56,156,32,154,60,3,66,0,0,1014
Odisha,Keonjhar,75,103,103,107,46,112,218,39,60,256,11,293,27,0,228,19,504,2201
Odisha,Khurda,40,45,39,103,63,86,197,33,65,15,22,103,12,5,133,9,163,1133
Odisha,Koraput,71,48,94,73,37,105,99,49,30,15,4,152,4,5,122,10,155,1073
Odisha,Malkangiri,33,30,19,21,9,15,33,17,37,16,4,29,3,0,31,0,23,320
Odisha,Mayurbhanj,110,130,139,135,40,148,252,37,77,43,32,324,41,7,159,13,246,1933
Odisha,Nayagarh,33,106,23,47,51,65,129,48,43,9,7,37,7,3,64,9,123,804
Odisha,Nabarangpur,23,35,73,100,12,49,56,94,33,5,1,194,27,8,51,4,154,919
Odisha,Nuapada,14,42,26,57,20,56,74,31,20,39,5,136,8,3,120,0,0,651
Odisha,Puri,54,99,68,146,102,241,449,98,117,447,32,151,32,8,329,20,0,2393
Odisha,Rayagada,29,39,59,86,17,84,105,32,37,12,0,102,5,2,63,18,160,850
Odisha,Rourkela,55,50,73,98,106,226,488,32,84,17,4,174,23,2,163,17,265,1877
Odisha,Sambalpur,48,79,81,98,123,297,567,74,48,687,10,108,30,8,189,21,341,2809
Odisha,Sonepur,16,15,18,27,15,31,75,21,19,3,4,46,4,0,41,1,71,407
Odisha,SRP (Cuttack),0,2,0,2,19,2,438,3,3,1,0,9,2,1,5,1,4,492
Odisha,SRP (Rourkela),4,2,1,5,21,30,320,0,3,0,0,10,1,0,3,0,1,401
Odisha,Sundargarh,51,36,49,46,33,90,158,19,46,23,12,94,16,3,181,25,184,1066
Odisha,Total,1450,2345,1978,3073,1828,4082,9410,1408,2246,5531,441,5543,802,134,4400,394,4166,49231
Punjab,Amritsar Rural,47,60,31,98,12,119,124,0,88,191,6,78,11,1,124,0,46,1036
Punjab,Barnala,15,24,31,41,1,48,96,0,51,40,0,17,4,0,74,1,59,502
Punjab,Batala,22,30,30,46,3,55,86,0,104,161,3,36,36,0,69,0,20,701
Punjab,Bathinda,55,45,56,67,2,172,260,0,151,93,5,77,15,16,143,4,121,1282
Punjab,CP Amritsar,29,75,34,78,13,127,324,0,307,143,3,45,45,0,62,3,76,1364
Punjab,CP Jalandhar,16,32,49,111,10,194,498,0,220,48,1,77,23,2,75,6,55,1417
Punjab,CP Ludhiana,73,68,111,246,23,259,603,0,349,208,5,98,10,2,240,3,0,2298
Punjab,Faridkot,23,34,24,23,10,63,70,0,42,78,1,16,8,0,66,0,37,495
Punjab,Fatehgarh Sahib,16,10,26,28,3,47,89,0,120,16,4,22,0,0,122,0,93,596
Punjab,Fazilka,24,14,52,32,0,61,80,0,88,140,4,18,0,0,78,0,34,625
Punjab,Ferozepur,27,38,55,23,0,91,163,0,128,216,3,31,8,1,91,0,57,932
Punjab,G. R. P.,11,0,1,4,0,3,94,0,3,8,0,3,3,0,6,0,0,136
Punjab,Gurdaspur,13,11,26,31,2,41,80,0,58,99,2,37,4,2,94,0,36,536
Punjab,Hoshiarpur,32,34,43,63,8,149,207,0,167,212,7,41,0,0,229,0,81,1273
Punjab,Jalandhar Rural,27,27,31,42,17,135,147,0,78,44,2,37,9,1,145,3,43,788
Punjab,Kapurthala,21,29,29,40,10,98,132,0,103,190,3,33,5,2,109,1,42,847
Punjab,Khanna,20,16,23,54,8,107,261,0,83,125,3,34,30,1,96,0,88,949
Punjab,Ludhiana Rural,16,20,14,56,4,102,162,0,107,45,3,22,0,0,61,0,56,668
Punjab,Mansa,32,17,22,15,0,51,52,0,109,61,5,22,7,1,55,2,41,492
Punjab,Moga,25,38,29,36,4,106,147,0,88,85,0,39,10,4,109,2,49,771
Punjab,Muktsar,29,20,29,30,0,77,93,0,56,42,1,24,5,2,44,2,45,499
Punjab,Pathankot,9,6,11,11,1,45,75,0,107,19,4,11,2,0,74,0,27,402
Punjab,Patiala,45,59,38,91,4,169,294,0,346,56,4,66,19,5,298,2,279,1775
Punjab,Ropar,22,11,21,39,4,76,114,0,119,82,2,52,0,0,173,0,124,839
Punjab,Sangrur,42,46,57,58,3,128,196,0,148,231,7,54,17,0,173,0,136,1296
Punjab,SAS Nagar,26,35,59,124,6,167,433,0,287,146,5,57,57,0,209,0,0,1611
Punjab,SBS Nagar,15,12,20,18,7,85,80,0,83,44,2,18,4,6,81,0,44,519
Punjab,Tarn Taran,35,53,29,45,2,81,107,0,122,194,5,48,12,2,106,0,3,844
Punjab,Total,767,864,981,1550,157,2856,5067,0,3712,3017,90,1113,344,48,3206,29,1692,25493
Rajasthan,Ajmer,45,59,130,226,46,293,1155,0,1484,17,10,181,51,3,529,6,873,5108
Rajasthan,Alwar,104,64,299,373,70,238,3189,0,1449,26,33,256,0,0,593,0,808,7502
Rajasthan,Banswara,25,13,146,152,27,79,186,39,106,57,6,103,0,0,167,0,263,1369
Rajasthan,Baran,34,63,67,162,22,101,449,0,345,168,5,212,0,0,131,21,330,2110
Rajasthan,Barmer,38,34,93,57,19,200,352,3,160,13,26,272,55,1,248,77,245,1893
Rajasthan,Bharatpur,99,66,219,290,29,79,1549,0,120,2,36,145,4,2,306,12,327,3285
Rajasthan,Bhilwara,35,32,54,122,22,203,799,7,751,66,8,173,0,0,331,83,508,3194
Rajasthan,Bikaner,48,60,75,81,4,138,347,0,855,11,15,89,0,0,257,0,0,1980
Rajasthan,Bundi,24,45,80,145,15,86,260,5,362,175,4,179,0,0,208,0,465,2053
Rajasthan,Chittorgarh,33,31,104,212,41,211,539,20,140,67,2,145,20,4,242,46,443,2300
Rajasthan,Churu,35,58,72,102,11,158,248,0,27,35,7,45,0,0,209,0,221,1228
Rajasthan,Dausa,40,21,37,123,10,73,1059,11,536,0,5,150,0,0,293,0,502,2860
Rajasthan,Dholpur,44,78,78,90,11,59,480,0,202,32,21,43,7,1,130,22,205,1503
Rajasthan,Dungarpur,31,17,110,143,23,67,132,2,119,108,13,154,0,0,164,14,245,1342
Rajasthan,G.R.P.Ajmer,5,8,3,14,10,0,1118,1,7,1,1,5,1,1,0,2,3,1180
Rajasthan,G.R.P.Jodhpur,6,1,1,2,0,0,143,0,0,0,0,7,2,0,0,0,0,162
Rajasthan,Ganganagar,43,90,180,149,12,180,422,0,544,13,17,147,31,3,223,2,139,2195
Rajasthan,Hanumangarh,67,77,135,79,12,133,284,0,621,66,11,124,0,0,178,0,181,1968
Rajasthan,Jaipur East,35,35,73,181,118,443,3168,53,1146,0,8,165,35,31,221,0,691,6403
Rajasthan,Jaipur North,16,24,42,148,37,124,799,4,971,2,4,75,0,0,102,0,270,2618
Rajasthan,Jaipur Rural,63,22,80,170,37,194,766,9,892,6,13,183,58,0,427,1,835,3756
Rajasthan,Jaipur South,21,13,56,134,116,273,1735,6,1072,1,8,97,10,2,180,0,479,4203
Rajasthan,Jaipur West,36,35,92,190,85,389,1369,3,1445,3,13,118,7,1,299,13,805,4903
Rajasthan,Jaisalmer,12,20,10,18,12,74,166,15,21,5,5,94,0,0,75,0,74,601
Rajasthan,Jalore,44,19,43,78,11,129,263,8,258,6,9,104,0,0,157,0,153,1282
Rajasthan,Jhalawar,49,74,138,181,24,143,473,40,223,90,11,296,26,3,146,26,374,2317
Rajasthan,Jhunjhunu,38,31,79,106,15,203,494,16,662,30,12,53,0,0,274,0,393,2406
Rajasthan,Jodhpur East,20,57,25,45,47,130,456,3,310,4,2,97,9,1,101,0,189,1496
Rajasthan,Jodhpur West,28,51,46,57,17,109,305,0,101,15,0,117,0,0,263,0,0,1109
Rajasthan,Jodhpur Rural,21,29,43,63,73,167,537,0,227,6,6,115,14,14,154,2,128,1599
Rajasthan,Karauli,34,30,49,130,16,45,702,2,233,0,14,104,0,0,84,0,194,1637
Rajasthan,Kota City,19,93,100,187,27,135,890,0,917,28,3,102,30,5,119,21,649,3325
Rajasthan,Kota Rural,19,14,60,87,13,65,157,0,271,111,2,186,0,0,104,0,209,1298
Rajasthan,Nagaur,69,85,102,133,14,208,472,0,166,9,8,94,0,0,327,0,272,1959
Rajasthan,Pali,52,44,107,161,45,272,420,0,635,27,21,341,284,5,310,0,56,2780
Rajasthan,Praapgarh,39,29,202,154,12,66,133,18,212,33,12,305,64,1,77,5,164,1526
Rajasthan,Rajsamand,17,7,48,89,24,108,206,8,315,32,6,81,3,3,177,9,338,1471
Rajasthan,Sawai Madhopur,23,38,70,114,15,47,635,0,325,0,0,96,0,0,109,3,253,1728
Rajasthan,Sikar,65,36,79,202,17,220,876,14,1243,4,14,60,0,0,387,0,570,3787
Rajasthan,Sirohi,41,44,51,66,11,56,126,6,279,67,4,78,2,0,194,1,222,1248
Rajasthan,Tonk,30,21,52,77,7,114,371,69,376,96,5,129,0,0,242,0,0,1589
Rajasthan,Udaipur,90,126,229,378,124,367,865,106,1063,59,8,479,14,7,449,62,1051,5477
Rajasthan,Total,1637,1794,3759,5671,1301,6379,29095,468,21191,1491,408,5999,727,88,9187,428,14127,103750
Sikkim,East,7,7,16,17,12,93,60,3,26,31,0,15,4,1,23,4,90,409
Sikkim,North,0,1,2,0,0,4,13,0,1,2,0,1,1,0,5,0,14,44
Sikkim,South,2,3,15,2,1,13,42,1,4,17,0,13,6,0,14,0,40,173
Sikkim,West,3,3,14,1,0,2,10,0,2,8,0,5,3,1,5,0,18,75
Sikkim,CID,0,0,0,0,0,0,1,0,4,0,0,0,0,0,0,0,0,5
Sikkim,Total,12,14,47,20,13,112,126,4,37,58,0,34,14,2,47,4,162,706
Tamil Nadu,Ariyalur,19,34,6,16,8,21,64,30,22,4,2,23,0,0,134,0,388,771
Tamil Nadu,Chennai,161,225,65,36,72,368,1520,118,553,46,10,59,0,0,1083,56,8527,12899
Tamil Nadu,Coimbatore,43,34,7,35,104,187,361,32,113,7,0,21,0,0,659,0,1692,3295
Tamil Nadu,Coimbatore City,21,43,5,14,123,166,353,25,177,17,0,8,0,0,297,26,1315,2590
Tamil Nadu,Cuddalore,50,122,14,83,16,183,476,229,45,20,5,3,0,0,532,0,3148,4926
Tamil Nadu,Dharmapuri,43,50,11,139,31,104,282,116,51,35,2,26,0,0,358,0,1252,2500
Tamil Nadu,Dindigul,61,60,15,113,67,100,210,65,226,7,4,29,0,0,465,227,1363,3012
Tamil Nadu,Erode,53,20,0,30,44,113,298,27,89,26,0,19,0,0,521,0,1434,2674
Tamil Nadu,Kanchipuram,66,83,16,14,24,219,466,0,128,29,2,8,0,0,796,0,2460,4311
Tamil Nadu,Kanyakumari,41,108,7,17,75,195,266,0,144,8,2,3,0,0,256,100,886,2108
Tamil Nadu,Karur,20,20,1,15,16,64,135,43,35,3,1,20,0,0,308,0,717,1398
Tamil Nadu,Krishnagiri,59,55,13,73,53,174,301,141,74,28,4,34,0,0,524,0,1332,2865
Tamil Nadu,Madurai,67,180,37,200,163,324,508,175,662,251,5,79,15,0,460,0,1579,4705
Tamil Nadu,Madurai City,33,51,6,27,118,123,576,23,247,4,1,22,22,0,106,32,585,1976
Tamil Nadu,Nagapattinam,36,60,16,40,48,87,166,73,11,7,0,14,0,0,277,0,1096,1931
Tamil Nadu,Namakkal,35,37,0,27,31,65,130,44,40,20,0,48,0,0,420,0,1691,2588
Tamil Nadu,Nilgiris,7,14,6,5,3,38,44,11,11,16,0,12,0,0,58,0,231,456
Tamil Nadu,Perambalur,15,18,7,4,14,22,62,22,12,9,1,26,0,0,161,0,332,705
Tamil Nadu,Pudukottai,34,38,3,54,18,42,113,38,28,31,2,29,0,0,320,0,915,1665
Tamil Nadu,Ramnathapuram,45,84,8,37,25,129,141,63,78,15,3,12,3,0,272,1,640,1556
Tamil Nadu,Railway Chennai,3,5,1,0,20,4,343,11,3,2,0,4,0,0,2,0,1,399
Tamil Nadu,Railway Trichy,0,0,0,0,15,5,111,5,0,0,0,0,0,0,8,0,7,151
Tamil Nadu,Salem,58,56,6,48,24,78,142,91,67,15,7,46,0,0,493,0,1568,2699
Tamil Nadu,Salem City,36,30,5,23,59,76,261,44,41,573,1,12,0,0,198,23,809,2191
Tamil Nadu,Sivagangai,29,60,15,46,86,153,182,8,129,41,3,13,0,0,269,61,624,1719
Tamil Nadu,Thanjavur,70,110,8,56,68,157,296,158,60,59,0,62,0,0,450,0,1711,3265
Tamil Nadu,Theni,47,53,8,45,38,103,207,75,133,13,6,30,0,0,214,27,971,1970
Tamil Nadu,Thirunelveli,108,365,36,47,107,253,289,0,276,29,5,47,0,0,413,47,1523,3545
Tamil Nadu,Thirunelveli City,18,106,6,7,73,59,206,0,63,1,0,3,0,0,92,0,301,935
Tamil Nadu,Thiruvallur,37,46,8,9,25,127,169,144,74,17,4,2,0,0,383,0,1001,2046
Tamil Nadu,Thiruvannamalai,47,99,16,65,7,137,278,0,64,30,6,14,0,0,420,0,1125,2308
Tamil Nadu,Thiruvarur,26,38,2,27,36,104,176,34,34,9,1,2,0,0,185,0,823,1497
Tamil Nadu,Thoothugudi,89,143,16,15,65,208,352,0,100,36,0,44,2,0,335,5,986,2396
Tamil Nadu,Tiruppur,36,24,6,60,61,169,220,33,80,8,3,15,0,0,575,9,1522,2821
Tamil Nadu,Tiruppur City,20,38,5,24,55,110,338,22,106,6,0,7,0,0,164,11,562,1468
Tamil Nadu,Trichy,39,32,8,30,34,55,140,66,57,3,2,51,0,0,431,32,1198,2178
Tamil Nadu,Trichy City,24,9,3,7,24,41,307,10,102,13,0,10,4,1,179,0,541,1275
Tamil Nadu,Vellore,92,144,12,97,31,317,750,11,85,0,3,44,0,0,793,0,2516,4895
Tamil Nadu,Villupuram,68,152,38,138,30,220,466,346,147,75,7,176,0,0,771,1,2506,5141
Tamil Nadu,Virudhunagar,49,76,13,23,58,166,264,75,167,6,3,25,0,0,322,4,966,2217
Tamil Nadu,Cyber Cell,0,0,0,0,0,0,0,0,2,0,0,0,0,0,0,0,0,2
Tamil Nadu,Other Units,0,0,0,0,0,0,0,0,0,0,0,0,0,0,0,0,0,0
Tamil Nadu,Total,1805,2922,455,1746,1969,5266,11969,2408,4536,1519,95,1102,46,1,14704,662,52844,104049
Telangana,Adilabad,101,79,42,46,7,292,505,27,223,61,16,244,52,36,399,15,1042,3187
Telangana,Cyberabad,144,124,139,165,62,1122,4182,11,2347,182,48,376,55,137,1038,51,2331,12514
Telangana,Hyderabad City,118,163,126,374,58,754,4266,29,2557,119,22,393,115,35,441,47,2254,11871
Telangana,Karimnagar,109,136,66,106,36,377,735,87,813,187,34,373,5,2,543,2,955,4566
Telangana,Khammam,76,85,102,73,15,432,746,73,845,50,18,351,142,1,482,10,3347,6848
Telangana,Mahaboob Nagar,240,87,169,63,23,369,1112,105,252,58,30,242,53,17,818,0,855,4493
Telangana,Medak,130,84,60,59,20,384,787,39,312,49,34,211,27,26,780,9,1005,4016
Telangana,Nalgonda,114,148,126,95,30,383,722,129,342,152,23,447,72,105,732,8,1303,4931
Telangana,Nizamabad,122,60,36,57,21,416,712,39,306,64,25,163,20,10,560,21,969,3601
Telangana,Ranga Reddy,77,43,51,35,12,106,183,0,81,28,10,83,9,14,245,2,232,1211
Telangana,Secunderabad Railway,4,2,2,1,3,1,760,0,4,0,0,5,5,0,1,1,0,789
Telangana,Warangal,47,29,41,45,15,172,302,72,178,63,17,186,31,30,275,0,488,1991
Telangana,Warangal Urban,26,22,19,33,6,141,330,32,259,44,12,114,34,13,200,5,172,1462
Telangana,Total,1308,1062,979,1152,308,4949,15342,643,8519,1057,289,3188,620,426,6514,171,14953,61480
Tripura,Dhalai,20,6,34,13,2,12,11,4,6,46,1,49,17,1,16,2,29,269
Tripura,Gomati,15,6,32,23,4,23,53,11,23,174,9,51,4,0,17,0,91,536
Tripura,G. R. P.,0,0,0,0,0,0,2,0,0,4,0,2,0,1,0,0,1,10
Tripura,Kowai,10,2,15,5,0,18,30,2,6,83,8,36,2,0,17,0,39,273
Tripura,North,10,9,26,15,6,11,33,6,14,135,6,41,0,0,12,0,32,356
Tripura,Sipahijala,19,12,19,15,3,28,45,16,18,148,1,76,0,0,27,3,91,521
Tripura,South,17,20,20,11,5,22,22,11,14,178,4,47,2,0,22,0,59,454
Tripura,Unakoti,8,9,24,11,4,9,22,13,9,127,1,29,20,0,14,0,31,331
Tripura,West,41,15,69,33,19,96,151,19,55,337,3,161,37,6,46,7,175,1270
Tripura,Total,140,79,239,126,43,219,369,82,145,1232,33,492,82,8,171,12,548,4020
Uttar Pradesh,Agra,178,99,77,463,218,326,3512,413,382,317,87,281,237,22,434,48,537,7631
Uttar Pradesh,Aligarh,179,257,112,471,242,302,2297,409,354,285,69,307,105,0,328,31,459,6207
Uttar Pradesh,Allahabad,132,121,109,330,125,381,2245,118,511,353,53,309,206,56,450,0,651,6150
Uttar Pradesh,Ambedkar Nagar,24,24,20,59,13,22,86,37,43,126,11,16,16,0,53,0,122,672
Uttar Pradesh,Amethi,36,50,27,115,20,51,113,39,41,192,15,78,0,0,133,0,93,1003
Uttar Pradesh,Amroha,60,63,35,120,44,50,399,44,140,119,23,81,27,23,198,0,189,1615
Uttar Pradesh,Auraiya,34,25,21,99,14,26,165,20,78,7,34,73,56,6,175,0,176,1009
Uttar Pradesh,Azamgarh,68,74,42,183,73,143,387,190,134,313,34,102,52,28,263,6,218,2310
Uttar Pradesh,Badaun,120,162,71,164,53,50,331,9,68,323,56,148,141,4,214,17,221,2152
Uttar Pradesh,Baghpat,83,84,35,121,45,34,332,54,61,9,14,96,35,20,93,0,110,1226
Uttar Pradesh,Bahraich,53,35,68,202,14,84,258,73,93,169,51,45,0,0,131,0,122,1398
Uttar Pradesh,Ballia,36,29,21,116,28,80,287,95,83,188,24,71,65,2,121,0,84,1330
Uttar Pradesh,Balrampur,28,13,19,67,4,24,68,22,27,45,13,28,16,1,17,0,18,410
Uttar Pradesh,Banda,42,59,71,151,25,86,240,78,65,40,39,185,32,11,125,0,219,1468
Uttar Pradesh,Barabanki,57,42,35,65,17,29,113,2,148,306,25,51,24,1,255,3,199,1372
Uttar Pradesh,Bareilly,132,192,76,337,80,151,886,153,462,181,74,252,251,1,247,87,312,3874
Uttar Pradesh,Basti,31,8,15,53,11,24,85,20,19,86,15,27,19,3,105,0,56,577
Uttar Pradesh,Bijnor,84,63,80,184,59,94,434,71,203,16,26,175,114,25,253,6,86,1973
Uttar Pradesh,Bulandshahar,171,213,82,291,122,119,841,157,17,17,55,239,57,20,378,28,309,3116
Uttar Pradesh,Chandoli,20,14,26,78,27,52,156,38,152,207,20,92,60,6,103,4,67,1122
Uttar Pradesh,Chitrakoot,33,8,23,46,6,62,81,12,40,16,23,56,33,2,80,0,112,633
Uttar Pradesh,Deoria,42,24,35,137,13,55,182,81,35,209,31,68,2,4,174,2,170,1264
Uttar Pradesh,Etah,65,137,54,172,63,66,399,110,26,322,42,114,18,7,188,3,273,2059
Uttar Pradesh,Etawah,55,94,30,136,113,65,506,26,119,100,31,80,55,3,211,0,326,1950
Uttar Pradesh,Faizabad,32,31,37,120,25,79,295,28,138,208,13,91,38,7,190,0,222,1554
Uttar Pradesh,Fatehgarh,58,70,19,148,21,47,230,34,43,7,39,38,29,8,132,0,202,1125
Uttar Pradesh,Fatehpur,55,36,58,131,21,74,217,40,93,273,43,101,71,4,288,8,248,1761
Uttar Pradesh,Firozabad,140,162,61,284,92,112,687,201,175,347,55,131,17,5,322,44,352,3187
Uttar Pradesh,G. R. P.,30,15,5,39,27,1,4061,6,26,12,1,64,15,45,3,0,0,4350
Uttar Pradesh,Gautambudh Nagar,104,106,54,210,227,202,3680,187,382,17,35,161,121,24,374,13,621,6518
Uttar Pradesh,Ghaziabad,166,124,118,482,114,210,3392,70,493,19,38,283,164,59,398,36,526,6692
Uttar Pradesh,Ghazipur,64,70,24,128,32,81,260,93,93,273,31,69,20,6,107,0,75,1426
Uttar Pradesh,Gonda,45,50,37,139,18,75,180,48,135,237,28,56,17,2,132,0,115,1314
Uttar Pradesh,Gorakhpur,113,116,92,299,89,230,804,193,266,363,58,132,78,40,298,26,408,3605
Uttar Pradesh,Hamirpur,31,23,29,68,18,29,83,34,31,52,26,97,75,3,77,0,118,794
Uttar Pradesh,Hapur,42,71,46,82,35,31,493,34,88,11,16,62,21,3,171,4,140,1350
Uttar Pradesh,Hardoi,79,53,39,177,13,47,275,36,95,418,40,93,2,1,323,0,284,1975
Uttar Pradesh,Hathras,72,44,60,146,56,70,339,112,89,101,24,121,52,8,177,12,183,1666
Uttar Pradesh,Jalaun,36,32,12,64,12,40,117,11,42,11,30,44,15,1,118,0,109,694
Uttar Pradesh,Jaunpur,55,61,50,133,58,96,297,107,70,416,47,62,21,6,199,0,136,1814
Uttar Pradesh,Jhansi,68,44,28,112,22,44,316,54,17,20,33,85,29,16,161,20,214,1283
Uttar Pradesh,Kannauj,39,31,22,100,8,24,147,10,74,2,31,98,6,6,167,0,229,994
Uttar Pradesh,Kanpur Dehat,46,28,20,157,24,22,121,40,68,140,35,95,0,0,224,0,261,1281
Uttar Pradesh,Kanpur Nagar,137,89,78,442,139,250,1536,224,546,238,73,261,122,73,532,1,752,5493
Uttar Pradesh,Kasganj,20,56,19,102,7,33,192,41,0,154,29,58,33,10,75,8,103,940
Uttar Pradesh,Kaushambi,40,11,14,92,13,56,154,23,74,123,27,120,113,1,141,0,149,1151
Uttar Pradesh,Khiri,79,100,49,214,33,67,611,65,118,281,51,107,0,0,263,1,183,2222
Uttar Pradesh,Kushi Nagar,36,12,22,141,7,40,136,119,63,261,31,53,48,0,204,0,178,1351
Uttar Pradesh,Lalitpur,27,7,25,34,15,12,59,26,42,10,12,38,26,3,58,0,79,473
Uttar Pradesh,Lucknow,132,99,68,377,60,623,3192,174,923,34,52,392,277,73,533,45,780,7834
Uttar Pradesh,Maharajganj,33,6,32,103,14,27,61,37,52,150,26,29,12,2,99,2,76,761
Uttar Pradesh,Mahoba,27,29,22,58,18,34,57,26,30,3,14,62,26,1,84,0,78,569
Uttar Pradesh,Mainpuri,57,116,23,142,34,57,476,85,75,171,37,69,0,0,248,0,296,1886
Uttar Pradesh,Mathura,86,147,73,191,89,110,1159,190,267,245,48,114,14,6,384,28,390,3541
Uttar Pradesh,Mau,28,66,25,88,23,67,226,84,101,227,16,51,11,4,116,6,86,1225
Uttar Pradesh,Meerut,226,308,93,438,341,279,3550,283,431,24,53,412,179,56,348,0,700,7721
Uttar Pradesh,Mirzapur,25,4,19,12,5,19,45,1,0,89,26,10,10,0,66,1,67,399
Uttar Pradesh,Moradabad,90,80,89,190,66,120,788,78,221,51,36,189,104,26,209,0,193,2530
Uttar Pradesh,Muzaffarnagar,137,157,37,242,95,36,800,135,145,13,17,148,51,14,225,39,227,2518
Uttar Pradesh,Pilibhit,54,38,69,128,29,52,200,13,123,2,25,107,15,2,133,0,235,1225
Uttar Pradesh,Pratapgarh,72,136,68,248,53,159,431,200,185,306,21,165,125,8,160,0,172,2509
Uttar Pradesh,Raibareilly,50,44,48,113,15,82,195,60,67,144,27,69,0,2,172,0,103,1191
Uttar Pradesh,Rampur,54,77,34,100,25,53,344,32,122,0,18,54,54,0,174,0,215,1356
Uttar Pradesh,Saharanpur,92,91,73,273,110,106,793,167,214,20,28,167,64,25,195,37,161,2616
Uttar Pradesh,Sambhal,73,80,48,146,45,56,293,66,87,29,26,72,64,3,102,0,95,1285
Uttar Pradesh,Sant Kabirnagar,28,3,23,39,10,23,59,22,30,146,11,25,22,0,69,0,61,571
Uttar Pradesh,Shahjahanpur,88,136,83,210,62,59,281,36,118,282,61,181,176,0,241,0,245,2259
Uttar Pradesh,Shamli,67,76,32,100,54,49,329,100,73,43,18,58,43,7,44,0,58,1151
Uttar Pradesh,Shrawasti,15,10,5,40,5,35,49,16,65,165,9,31,6,0,39,0,28,518
Uttar Pradesh,Sidharthnagar,17,13,20,58,16,48,62,25,15,1,20,27,24,2,50,0,34,432
Uttar Pradesh,Sitapur,91,45,74,216,40,84,384,65,78,125,46,163,155,0,174,0,162,1902
Uttar Pradesh,Sonbhadra,32,4,26,20,2,28,77,3,8,152,6,24,21,1,124,1,56,585
Uttar Pradesh,St.Ravidasnagar,17,2,19,34,8,40,73,1,28,55,23,12,11,0,75,0,44,442
Uttar Pradesh,Sultanpur,53,41,46,157,56,119,331,69,88,206,21,67,58,3,147,0,160,1622
Uttar Pradesh,Unnao,77,31,69,268,44,82,334,46,135,35,31,237,35,0,318,4,277,2023
Uttar Pradesh,Varanasi,52,52,47,166,46,126,706,76,393,209,42,176,124,24,227,38,184,2688
Uttar Pradesh,Total,5150,5223,3467,12361,3920,6921,48380,6197,10636,10867,2469,8605,4435,835,14619,609,16199,160893
Uttarakhand,Almora,4,2,6,40,1,7,8,3,4,1,1,4,0,0,4,0,9,94
Uttarakhand,Bageshwar,5,1,3,0,0,5,6,0,3,1,0,4,0,0,2,0,3,33
Uttarakhand,Chamoli,3,2,4,7,1,7,8,3,3,2,1,9,0,0,4,0,0,54
Uttarakhand,Champawat,2,0,8,0,0,1,6,4,5,2,0,5,0,0,7,0,0,40
Uttarakhand,Dehradun,26,23,55,69,39,104,439,93,127,34,10,80,15,3,145,10,173,1445
Uttarakhand,Haridwar,73,69,73,241,70,66,562,158,174,43,0,99,0,0,151,0,139,1918
Uttarakhand,Nainital,28,18,36,160,5,35,157,29,36,20,5,38,7,4,85,0,133,796
Uttarakhand,Pauri Garhwal,6,1,8,62,3,10,37,11,14,7,7,12,0,0,9,1,11,199
Uttarakhand,Pithoragarh,4,2,8,11,2,8,10,8,2,2,3,9,0,0,5,0,5,79
Uttarakhand,Rudra Prayag,4,1,4,7,1,14,10,5,3,3,1,9,0,0,7,0,5,74
Uttarakhand,Tehri Garhwal,6,2,7,13,1,4,19,5,9,9,0,0,0,0,10,0,0,85
Uttarakhand,Udhamsingh Nagar,55,50,49,66,31,53,468,109,6,56,10,67,0,0,231,0,0,1251
Uttarakhand,Uttarkashi,2,0,9,15,1,9,7,8,4,1,0,7,0,0,1,0,7,71
Uttarakhand,Total,218,171,270,691,155,323,1737,436,390,181,38,343,22,7,661,11,485,6139
West Bengal,North 24 Parganas,141,691,227,728,42,3,1354,330,323,1901,66,319,0,0,275,18,441,6859
West Bengal,South 24 Parganas,248,280,341,749,43,135,1523,1818,542,795,53,313,110,64,355,21,739,8129
West Bengal,Alipurduar,49,40,118,176,2,5,654,9,85,19,2,83,18,7,66,11,0,1344
West Bengal,Asansol-Durgapur PC,52,165,58,134,12,10,642,185,153,2,28,160,32,8,212,0,227,2080
West Bengal,Bankura,75,106,79,71,32,11,241,92,74,50,18,121,18,1,201,8,173,1371
West Bengal,Barrackpur PC,86,199,77,354,13,0,1220,71,506,940,21,201,58,5,230,18,498,4497
West Bengal,Bidhannagar PC,18,12,24,102,8,7,568,35,228,111,6,97,49,5,52,4,168,1494
West Bengal,Birbhum,110,198,82,125,43,13,385,227,137,665,8,99,22,1,267,7,169,2558
West Bengal,Burdwan,133,461,121,241,28,5,732,268,392,223,12,273,75,0,481,0,297,3742
West Bengal,Coochbehar,80,134,141,416,8,6,387,52,110,802,21,151,15,2,142,17,155,2639
West Bengal,Dakshin Dinajpur,44,158,64,206,4,2,200,9,51,396,13,51,2,0,130,9,157,1496
West Bengal,Darjeeling,29,39,60,65,9,3,368,7,47,402,0,95,5,3,100,11,198,1441
West Bengal,Hooghly,125,38,110,355,20,12,1076,343,592,75,34,226,38,4,366,3,431,3848
West Bengal,Howrah G. R. P.,82,246,77,181,9,22,284,127,143,835,5,181,48,5,238,46,269,2798
West Bengal,Howrah PC,43,28,43,202,29,9,1126,28,375,330,4,318,124,17,105,43,401,3225
West Bengal,Howrah Rural,11,6,3,5,2,0,288,1,10,0,1,13,0,1,0,1,1,343
West Bengal,Jalpaiguri,57,60,129,218,9,6,764,5,30,42,16,199,71,0,193,7,198,2004
West Bengal,Jhargram Police District,28,11,29,25,4,9,113,21,15,39,3,70,8,1,45,2,44,467
West Bengal,Kharagpur G. R. P.,7,0,0,3,2,0,155,2,3,1,0,6,0,1,3,0,5,188
West Bengal,Kolkata,83,102,154,423,33,66,4623,316,2027,917,12,585,134,119,470,177,4358,14599
West Bengal,Malda,102,664,252,340,26,7,429,43,114,1313,31,331,21,0,245,0,188,4106
West Bengal,Murshidabad,158,2249,474,596,19,3,947,84,182,3813,36,526,69,4,387,20,459,10026
West Bengal,Nadia,166,654,204,463,41,1,1017,133,380,1106,50,192,0,0,333,75,416,5231
West Bengal,Paschim Medinipur,104,264,91,208,47,6,745,176,111,89,21,558,0,0,343,22,377,3162
West Bengal,Purab Medinipur,100,81,112,317,25,7,544,433,119,15,27,159,36,5,361,9,440,2790
West Bengal,Purulia,72,61,72,54,17,4,190,64,30,238,4,142,0,0,127,4,63,1142
West Bengal,Sealdah G. R. P.,23,11,7,20,0,0,346,5,10,59,1,46,0,0,0,0,0,528
West Bengal,Siliguri G. R. P.,8,2,1,4,1,0,148,0,0,0,0,9,2,3,0,0,0,178
West Bengal,Siliguri PC,46,49,72,154,15,3,1125,3,289,265,2,165,115,0,113,0,317,2733
West Bengal,Uttar Dinajpur,90,346,187,350,63,4,721,24,161,2793,9,157,7,6,2,22,491,5433
West Bengal,Total,2370,7355,3409,7285,606,359,22915,4911,7239,18236,504,5846,1077,262,5842,555,11680,100451
A&N Islands,South Andaman,5,10,19,14,2,53,35,10,66,20,3,27,8,4,18,0,152,446
A&N Islands,North & Middle Andaman,2,1,11,8,0,8,10,0,5,9,0,14,10,0,4,0,39,121
A&N Islands,Nicobar,1,0,2,0,0,3,0,0,0,0,0,0,0,0,2,0,7,15
A&N Islands,Total,8,11,32,22,2,64,45,10,71,29,3,41,18,4,24,0,198,582
Chandigarh,Chandigarh,24,33,59,187,65,134,1260,27,247,19,2,87,31,10,97,6,277,2565
Chandigarh,Total,24,33,59,187,65,134,1260,27,247,19,2,87,31,10,97,6,277,2565
D&N Haveli,D&N Haveli,4,1,5,14,2,15,38,6,22,13,0,2,0,0,65,10,34,231
D&N Haveli,Total,4,1,5,14,2,15,38,6,22,13,0,2,0,0,65,10,34,231
Daman & Diu,Daman,6,4,2,10,5,21,29,4,36,13,0,2,2,0,11,3,15,163
Daman & Diu,Diu,1,2,0,0,0,0,2,0,2,2,0,1,1,0,6,0,10,27
Daman & Diu,Total,7,6,2,10,5,21,31,4,38,15,0,3,3,0,17,3,25,190
Delhi UT,Central,30,44,91,305,288,576,4124,6,287,40,7,212,54,26,87,18,416,6611
Delhi UT,Crime Branch,0,3,1,1,0,0,0,0,35,0,0,1,0,1,0,3,0,45
Delhi UT,East,61,93,230,678,789,999,9437,23,528,37,15,446,171,91,131,39,846,14614
Delhi UT,EOW,0,0,0,0,0,0,0,0,45,0,0,2,0,2,0,0,0,49
Delhi UT,IGI Airport,1,0,0,3,3,1,157,0,14,1,0,12,3,2,7,1,27,232
Delhi UT,Metro,0,3,1,10,4,2,2198,1,17,2,0,28,5,2,2,0,1,2276
Delhi UT,New Delhi,6,8,20,44,63,53,1252,16,109,4,2,56,25,14,59,7,392,2130
Delhi UT,North,31,28,60,279,353,653,4309,12,317,28,6,180,42,16,151,15,514,6994
Delhi UT,North-East,84,110,237,1047,1286,1049,8185,25,353,71,27,492,171,47,120,29,656,13989
Delhi UT,North-West,48,81,165,663,734,935,7341,8,389,93,14,404,109,61,186,8,631,11870
Delhi UT,Outer,87,89,259,1198,1009,1842,10031,13,431,75,22,428,133,52,353,28,967,17017
Delhi UT,RAILWAY,10,4,1,38,62,0,1455,3,6,6,0,19,15,2,2,0,5,1628
Delhi UT,South,40,58,280,627,496,1249,8670,0,563,82,6,595,150,0,190,26,1215,14247
Delhi UT,South-East,67,83,266,683,394,1065,7557,20,430,109,24,469,85,74,210,19,1124,12679
Delhi UT,South-West,66,88,234,719,403,913,4632,5,519,66,17,494,86,99,215,25,982,9563
Delhi UT,Spl Cell,0,1,0,0,0,0,1,0,3,0,0,0,0,0,0,1,0,6
Delhi UT,SPUWAC,0,0,0,0,0,0,0,0,0,0,0,0,0,0,0,0,0,0
Delhi UT,Vigilance,0,0,0,0,0,0,0,0,0,0,0,0,0,0,0,0,0,0
Delhi UT,West,55,77,251,848,580,972,9404,3,555,76,13,484,137,52,246,16,984,14753
Delhi UT,Total,586,770,2096,7143,6464,10309,78753,135,4601,690,153,4322,1186,541,1959,235,8760,128703
Lakshadweep,Lakshadweep,0,0,1,0,0,10,15,0,0,1,0,1,0,0,0,0,1,29
Lakshadweep,Total,0,0,1,0,0,10,15,0,0,1,0,1,0,0,0,0,1,29
Puducherry,Karaikal,6,1,3,1,1,18,33,4,4,8,0,12,4,0,44,0,199,338
Puducherry,Puducherry,19,14,7,12,5,43,391,12,55,97,1,20,8,1,165,9,974,1833
Puducherry,Total,25,15,10,13,6,61,424,16,59,105,1,32,12,1,209,9,1173,2171
